,期数,红球号码_1,红球号码_2,红球号码_3,红球号码_4,红球号码_5,红球号码_6,蓝球,奖池奖金(元),一等奖_注数,一等奖_奖金(元),二等奖_注数,二等奖_奖金(元),总投注额(元),开奖日期
0,2022053,10,14,18,23,27,33,15,0元,4,"10,000,000",81,"366,853","356,510,652",2022-05-12
1,2022052,07,24,27,29,31,32,15,0元,4,"10,000,000",61,"467,706","359,187,786",2022-05-10
2,2022051,02,05,11,17,21,33,01,0元,5,"9,343,551",114,"238,133","389,679,034",2022-05-08
3,2022050,03,05,08,14,27,33,08,0元,16,"6,080,345",141,"153,240","363,371,278",2022-05-05
4,2022049,02,04,07,18,25,26,10,0元,0,0,127,"175,848","337,463,590",2022-05-03
5,2022048,05,07,17,20,26,31,14,0元,4,"10,000,000",180,"165,454","357,972,850",2022-05-01
6,2022047,03,07,08,14,27,30,09,0元,21,"5,625,122",128,"128,199","360,230,056",2022-04-28
7,2022046,02,11,24,25,27,30,14,0元,9,"7,489,274",132,"212,154","358,743,356",2022-04-26
8,2022045,03,12,17,18,19,28,04,0元,7,"7,472,273",182,"118,859","389,120,778",2022-04-24
9,2022044,01,07,08,21,23,29,06,0元,11,"6,476,085",123,"165,009","362,459,788",2022-04-21
10,2022043,02,17,20,23,25,27,08,0元,9,"6,718,875",54,"358,098","350,215,018",2022-04-19
11,2022042,05,10,11,21,22,30,13,0元,10,"7,059,021",175,"147,072","376,726,628",2022-04-17
12,2022041,05,07,21,22,24,29,14,0元,4,"10,000,000",57,"504,454","348,280,000",2022-04-14
13,2022040,03,12,14,16,31,33,12,0元,15,"5,830,283",119,"130,821","343,211,044",2022-04-12
14,2022039,02,06,07,10,15,20,05,0元,5,"9,112,790",177,"145,225","375,104,494",2022-04-10
15,2022038,09,12,13,16,24,32,04,0元,5,"8,932,134",67,"366,803","348,860,576",2022-04-07
16,2022037,01,10,13,20,22,32,14,0元,3,"10,000,000",74,"372,366","332,623,306",2022-04-05
17,2022036,02,03,14,16,26,31,02,0元,7,"8,039,081",110,"241,745","362,126,634",2022-04-03
18,2022035,08,12,13,19,23,25,15,0元,8,"7,126,487",169,"125,827","353,577,746",2022-03-31
19,2022034,14,17,26,31,32,33,10,0元,9,"7,033,420",49,"466,856","361,289,854",2022-03-29
20,2022033,05,12,19,22,25,26,05,0元,11,"6,853,773",192,"132,757","392,018,786",2022-03-27
21,2022032,04,10,11,14,23,32,07,0元,7,"8,228,322",54,"523,107","365,937,174",2022-03-24
22,2022031,01,10,11,22,26,32,07,0元,28,"5,507,246",296,"59,978","353,060,708",2022-03-22
23,2022030,12,23,24,26,27,30,05,0元,18,"5,942,310",55,"385,490","376,910,184",2022-03-20
24,2022029,03,08,10,13,26,32,08,0元,10,"6,314,985",105,"156,545","354,275,468",2022-03-17
25,2022028,05,11,20,22,23,29,09,0元,9,"6,991,710",330,"67,899","359,741,624",2022-03-15
26,2022027,14,15,18,19,26,32,09,0元,3,"10,000,000",74,"270,324","407,429,120",2022-03-13
27,2022026,03,04,10,15,22,24,02,0元,10,"7,519,808",129,"244,167","390,646,552",2022-03-10
28,2022025,06,19,24,25,28,32,04,0元,1,"10,000,000",98,"261,907","380,028,752",2022-03-08
29,2022024,07,09,10,14,19,24,15,0元,2,"10,000,000",154,"187,504","412,478,136",2022-03-06
30,2022023,07,12,17,19,24,25,02,0元,9,"7,444,170",98,"280,580","386,299,738",2022-03-03
31,2022022,01,07,11,15,17,19,06,0元,9,"6,751,389",162,"121,624","374,172,850",2022-03-01
32,2022021,03,07,22,24,26,31,14,0元,16,"6,650,843",74,"446,173","413,793,268",2022-02-27
33,2022020,09,11,14,22,30,32,01,0元,1,"10,000,000",52,"533,809","376,104,336",2022-02-24
34,2022019,05,06,14,20,21,25,08,0元,13,"6,113,016",123,"147,044","374,092,592",2022-02-22
35,2022018,07,11,16,17,30,32,16,0元,2,"10,000,000",178,"169,901","392,699,896",2022-02-20
36,2022017,06,09,24,29,30,32,07,0元,5,"8,716,688",162,"143,390","367,332,144",2022-02-17
37,2022016,05,10,19,20,29,31,14,0元,15,"6,190,322",336,"66,424","370,604,868",2022-02-15
38,2022015,06,14,16,27,28,31,07,0元,9,"6,685,876",95,"199,643","387,014,176",2022-02-13
39,2022014,06,07,13,14,15,27,04,0元,7,"7,794,467",469,"52,135","353,937,416",2022-02-10
40,2022013,02,03,04,07,10,18,15,0元,2,"10,000,000",133,"221,005","376,000,418",2022-02-08
41,2022012,04,07,08,29,30,31,01,0元,9,"7,305,724",193,"134,401","432,967,098",2022-01-27
42,2022011,06,15,23,24,25,33,15,0元,4,"10,000,000",125,"239,630","379,627,650",2022-01-25
43,2022010,12,18,19,20,21,32,15,0元,7,"7,878,499",139,"181,200","403,819,420",2022-01-23
44,2022009,04,15,17,19,25,28,16,0元,1,"10,000,000",266,"112,827","381,172,430",2022-01-20
45,2022008,02,03,07,09,20,21,13,0元,3,"10,000,000",132,"179,611","377,713,752",2022-01-18
46,2022007,01,20,22,23,25,28,16,0元,3,"10,000,000",81,"459,735","417,998,504",2022-01-16
47,2022006,03,06,09,15,22,31,02,0元,7,"7,682,542",173,"135,677","389,820,756",2022-01-13
48,2022005,07,10,12,16,19,31,16,0元,2,"10,000,000",74,"379,503","388,503,758",2022-01-11
49,2022004,05,19,24,28,30,32,14,0元,9,"6,141,105",62,"207,055","441,401,912",2022-01-09
50,2022003,02,05,16,17,18,30,06,0元,7,"7,708,412",181,"130,931","410,382,612",2022-01-06
51,2022002,02,12,21,23,25,31,08,0元,9,"7,295,582",134,"192,726","408,646,714",2022-01-04
52,2022001,06,13,15,17,20,21,03,- -,- -,- -,- -,- -,- -,2022-01-02
53,2021150,09,14,20,21,24,26,04,0元,37,"5,660,828",239,"127,879","456,402,254",2021-12-30
54,2021149,05,10,15,18,19,32,05,0元,8,"7,864,325",103,"278,089","425,925,826",2021-12-28
55,2021148,10,12,15,17,19,20,08,0元,8,"7,622,855",175,"149,877","459,686,850",2021-12-26
56,2021147,05,10,11,13,27,28,09,0元,13,"6,608,176",194,"134,705","457,370,132",2021-12-23
57,2021146,07,09,21,22,26,32,03,0元,6,"9,424,198",103,"322,150","480,619,582",2021-12-21
58,2021145,04,07,10,14,16,26,09,0元,10,"7,832,457",159,"222,677","517,254,362",2021-12-19
59,2021144,02,05,13,15,23,26,07,0元,5,"9,315,997",172,"156,831","483,556,078",2021-12-16
60,2021143,01,09,11,13,20,29,09,0元,41,"5,571,480",158,"185,369","475,857,912",2021-12-14
61,2021142,04,07,17,19,20,24,16,0元,8,"8,791,842",227,"167,041","509,166,454",2021-12-12
62,2021141,01,14,19,23,26,30,10,0元,7,"8,542,650",132,"234,834","483,132,724",2021-12-09
63,2021140,05,10,16,26,27,33,01,0元,20,"6,366,303",694,"49,218","479,975,520",2021-12-07
64,2021139,12,14,19,23,24,27,01,0元,14,"7,490,724",193,"225,842","531,219,172",2021-12-05
65,2021138,11,14,15,16,27,32,09,0元,20,"5,685,347",123,"139,298","486,491,502",2021-12-02
66,2021137,03,07,10,14,21,24,01,0元,19,"6,420,588",274,"123,134","474,456,734",2021-11-30
67,2021136,02,06,09,15,19,28,16,0元,10,"7,908,192",319,"113,957","517,068,910",2021-11-28
68,2021135,03,10,17,19,21,31,04,0元,1,"10,000,000",124,"303,985","486,663,630",2021-11-25
69,2021134,01,02,16,19,25,31,08,0元,11,"7,491,866",109,"314,340","472,467,398",2021-11-23
70,2021133,01,03,12,19,27,31,10,0元,12,"7,465,121",171,"216,238","511,607,016",2021-11-21
71,2021132,01,04,06,14,20,28,08,0元,6,"7,775,391",171,"121,727","490,071,244",2021-11-18
72,2021131,08,11,18,19,20,24,01,0元,6,"9,453,797",116,"287,961","465,860,738",2021-11-16
73,2021130,08,09,15,24,26,30,06,0元,12,"6,336,861",155,"129,373","398,037,824",2021-11-14
74,2021129,04,15,21,27,28,29,10,0元,5,"7,512,285",139,"112,962","365,299,936",2021-11-11
75,2021128,05,17,20,21,23,33,04,0元,3,"10,000,000",66,"369,015","349,441,520",2021-11-09
76,2021127,07,15,16,20,27,29,07,0元,10,"6,816,913",96,"236,577","365,976,552",2021-11-07
77,2021126,19,20,23,27,28,31,01,0元,6,"8,689,696",90,"307,474","358,964,852",2021-11-04
78,2021125,14,19,20,23,24,31,09,0元,4,"8,898,474",84,"232,052","354,978,672",2021-11-02
79,2021124,01,03,18,22,29,32,02,0元,8,"7,956,250",117,"252,670","394,848,530",2021-10-31
80,2021123,06,14,15,19,29,31,05,0元,6,"8,473,913",207,"125,866","366,471,258",2021-10-28
81,2021122,04,05,12,15,18,28,07,- -,- -,- -,- -,- -,- -,2021-10-26
82,2021121,04,05,12,16,22,30,15,7亿5181万5051元,7,"7,721,874",205,"116,177","390,361,524",2021-10-24
83,2021120,01,07,08,12,13,18,05,7亿3441万8962元,40,"5,268,563",496,"27,072","355,518,696",2021-10-21
84,2021119,03,09,10,11,28,29,13,9亿0487万6996元,15,"6,354,639",356,"71,346","356,935,346",2021-10-19
85,2021118,02,06,14,18,20,31,13,9亿2399万8119元,6,"8,460,209",126,"205,964","386,079,710",2021-10-17
86,2021117,03,05,17,21,27,33,04,8亿9690万4658元,10,"6,782,803",101,"220,644","358,589,610",2021-10-14
87,2021116,06,14,17,18,31,33,06,8亿9787万7549元,3,"10,000,000",46,"552,161","355,338,790",2021-10-12
88,2021115,02,10,12,15,24,27,08,8亿5167万9247元,5,"7,857,682",100,"178,605","380,172,848",2021-10-10
89,2021114,04,06,08,14,24,27,02,8亿3738万6111元,3,"10,000,000",177,"158,159","337,378,334",2021-10-07
90,2021113,04,07,10,22,27,30,02,7亿8340万3562元,12,"6,380,290",231,"89,629","293,434,838",2021-10-05
91,2021112,05,06,21,25,28,33,07,7亿9785万3981元,22,"5,394,421",229,"47,364","370,338,224",2021-09-30
92,2021111,17,20,22,23,26,28,06,8亿8399万1506元,3,"10,000,000",96,"219,919","358,360,092",2021-09-28
93,2021110,10,13,15,24,31,32,02,8亿5065万4756元,5,"9,736,534",246,"120,338","394,569,218",2021-09-26
94,2021109,02,03,10,17,20,26,16,8亿1052万7410元,4,"9,492,827",132,"170,182","366,715,360",2021-09-23
95,2021108,11,15,18,24,26,32,09,7亿8110万6313元,5,"8,478,207",118,"184,227","339,998,838",2021-09-21
96,2021107,02,03,17,19,25,30,01,7亿5828万0964元,7,"7,867,703",151,"166,174","367,139,964",2021-09-19
97,2021106,01,04,07,14,30,31,03,7亿3807万7667元,7,"8,130,452",150,"182,609","364,122,996",2021-09-16
98,2021105,10,14,15,22,27,32,09,7亿1281万6451元,9,"6,993,977",174,"128,920","357,292,170",2021-09-14
99,2021104,01,07,17,20,22,28,15,7亿0846万5505元,6,"9,475,659",101,"332,350","397,369,092",2021-09-12
100,2021103,10,13,15,25,29,30,15,6亿6461万7126元,2,"10,000,000",122,"233,872","369,736,978",2021-09-09
101,2021102,05,09,15,24,27,30,09,5亿9901万9763元,34,"5,285,653",236,"51,441","357,853,464",2021-09-07
102,2021101,02,04,12,22,29,31,01,7亿4231万1198元,6,"8,682,830",107,"258,142","393,612,094",2021-09-05
103,2021100,07,09,12,13,14,29,16,7亿1154万4497元,8,"7,583,366",170,"151,962","364,068,238",2021-09-02
104,2021099,09,11,17,18,20,27,15,6亿9471万0436元,7,"7,942,916",278,"92,627","353,159,630",2021-08-31
105,2021098,01,10,13,18,26,32,05,6亿7305万9288元,4,"10,000,000",141,"178,834","390,403,928",2021-08-29
106,2021097,03,11,12,13,25,28,12,6亿3741万2452元,45,"5,323,421",359,"50,675","355,020,594",2021-08-26
107,2021096,01,07,11,14,15,26,11,8亿2238万8985元,13,"5,640,531",91,"114,380","349,161,898",2021-08-24
108,2021095,08,12,17,24,27,28,13,8亿6448万9999元,4,"10,000,000",140,"201,541","384,516,464",2021-08-22
109,2021094,09,11,24,25,28,33,15,8亿1984万2497元,1,"10,000,000",101,"273,512","353,340,702",2021-08-19
110,2021093,05,11,15,23,28,33,03,7亿4696万8208元,5,"8,646,623",229,"99,525","346,398,722",2021-08-17
111,2021092,02,07,08,10,12,31,03,0元,4,"9,066,769",154,"132,037","382,276,564",2021-08-15
112,2021091,04,06,16,24,26,33,16,6亿9709万2670元,4,"10,000,000",102,"258,058","352,636,492",2021-08-12
113,2021090,05,06,12,14,27,28,08,6亿5812万6685元,19,"5,534,608",199,"63,803","340,567,382",2021-08-10
114,2021089,01,02,07,13,23,24,12,7亿2519万3394元,51,"5,338,932",659,"32,787","378,094,626",2021-08-08
115,2021088,04,12,15,16,19,26,06,9亿3265万8139元,7,"7,133,062",165,"113,116","339,080,722",2021-08-05
116,2021087,02,13,16,19,23,24,04,9亿2659万6691元,10,"6,520,555",219,"86,789","335,386,836",2021-08-03
117,2021086,06,08,10,14,28,29,01,9亿3478万1421元,1,"10,000,000",123,"214,082","363,965,626",2021-08-01
118,2021085,05,06,07,11,14,20,02,8亿6578万5162元,4,"9,473,926",189,"118,357","343,883,552",2021-07-29
119,2021084,05,07,09,11,21,28,01,8亿3657万1971元,21,"5,814,345",182,"117,453","338,765,612",2021-07-27
120,2021083,04,09,11,25,28,33,04,8亿9454万3509元,25,"5,173,874",276,"19,686","367,542,044",2021-07-25
121,2021082,03,06,11,13,26,32,05,10亿0758万9655元,7,"7,348,639",161,"127,643","344,368,726",2021-07-22
122,2021081,01,03,05,18,22,23,01,0元,4,"10,000,000",135,"207,725","344,437,194",2021-07-20
123,2021080,05,08,22,23,24,29,09,9亿5324万9373元,12,"6,122,048",119,"141,434","376,533,622",2021-07-18
124,2021079,01,03,10,24,28,29,13,9亿7622万1781元,8,"7,301,888",95,"242,304","345,574,370",2021-07-15
125,2021078,04,06,15,26,27,31,12,9亿6558万0237元,6,"7,800,858",132,"159,139","341,551,308",2021-07-13
126,2021077,08,15,17,25,27,30,10,9亿4936万6069元,13,"6,434,628",112,"208,149","377,616,968",2021-07-11
127,2021076,03,09,21,23,30,32,06,9亿6307万8086元,4,"7,982,765",87,"171,423","347,734,992",2021-07-08
128,2021075,12,15,16,21,22,29,01,9亿5026万7665元,2,"10,000,000",55,"435,092","347,517,338",2021-07-06
129,2021074,04,05,09,14,25,27,07,8亿9847万7373元,14,"5,822,076",163,"88,259","382,266,836",2021-07-04
130,2021073,01,06,18,22,24,25,08,9亿3682万7442元,4,"9,536,636",83,"273,291","353,932,932",2021-07-01
131,2021072,01,09,15,16,19,21,15,9亿0692万4437元,3,"10,000,000",105,"275,206","351,515,940",2021-06-29
132,2021071,01,07,24,31,32,33,08,8亿5023万4438元,6,"7,393,944",75,"239,394","384,399,388",2021-06-27
133,2021070,01,05,11,15,16,29,15,8亿4073万4349元,6,"8,972,728",179,"166,455","356,032,100",2021-06-24
134,2021069,06,11,18,20,23,26,05,8亿0518万4330元,5,"8,297,648",130,"158,540","348,547,620",2021-06-22
135,2021068,04,14,18,24,31,32,15,7亿8484万1657元,7,"8,662,562",232,"138,135","381,950,996",2021-06-20
136,2021067,01,11,19,23,25,29,09,7亿4933万7326元,6,"7,464,865",61,"303,057","352,986,918",2021-06-17
137,2021066,02,06,19,26,30,33,15,7亿3866万7046元,14,"6,436,433",145,"173,362","343,529,368",2021-06-15
138,2021065,01,04,08,19,29,33,16,7亿5336万4365元,3,"10,000,000",82,"384,177","362,527,724",2021-06-13
139,2021064,04,06,08,15,16,18,16,6亿8885万6687元,4,"10,000,000",112,"242,377","353,338,262",2021-06-10
140,2021063,04,05,06,09,23,24,09,6亿4741万7696元,16,"5,000,000",106,"6,000","370,142,008",2021-06-08
141,2021062,12,13,15,20,22,25,10,7亿2741万7696元,6,"8,804,175",67,"425,840","405,763,536",2021-06-06
142,2021061,04,09,12,18,20,23,01,6亿9464万8802元,4,"10,000,000",127,"237,150","376,779,952",2021-06-03
143,2021060,10,11,17,20,29,30,15,6亿4429万4438元,6,"8,356,965",163,"154,461","365,484,344",2021-06-01
144,2021059,01,09,11,18,32,33,14,6亿1890万4511元,1,"10,000,000",91,"397,078","407,754,588",2021-05-30
145,2021058,09,11,13,18,19,28,14,5亿2050万2015元,5,"9,893,453",96,"318,584","382,666,074",2021-05-27
146,2021057,05,06,09,17,25,33,16,4亿7821万7025元,6,"8,882,850",179,"162,689","379,559,152",2021-05-25
147,2021056,08,21,22,23,29,32,01,4亿4414万9990元,10,"7,488,306",215,"144,669","410,076,324",2021-05-23
148,2021055,03,11,12,16,22,28,10,4亿2572万1551元,29,"5,553,793",206,"97,451","376,647,950",2021-05-20
149,2021054,07,13,21,22,24,31,02,5亿2655万6537元,4,"10,000,000",83,"374,991","371,689,954",2021-05-18
150,2021053,07,10,14,16,24,33,16,4亿7318万3576元,3,"10,000,000",84,"355,480","398,009,388",2021-05-16
151,2021052,03,04,06,19,21,30,14,4亿1360万2410元,1,"10,000,000",171,"171,643","376,039,676",2021-05-13
152,2021051,08,09,10,19,27,29,15,3亿3554万9357元,10,"6,796,944",309,"72,691","377,624,458",2021-05-11
153,2021050,02,09,10,16,25,28,08,3亿3613万3387元,22,"5,598,001",248,"66,310","403,433,980",2021-05-09
154,2021049,04,11,13,22,25,32,01,4亿0995万4275元,4,"10,000,000",78,"440,233","375,111,072",2021-05-06
155,2021048,04,15,17,22,29,32,03,3亿4693万9552元,2,"10,000,000",64,"394,580","339,198,590",2021-05-04
156,2021047,03,07,13,16,24,29,01,2亿9118万0168元,5,"9,419,460",231,"119,574","367,123,752",2021-05-02
157,2021046,05,09,13,21,28,33,06,2亿5541万2592元,24,"5,735,971",122,"180,976","377,425,810",2021-04-29
158,2021045,01,04,14,15,17,32,02,3亿2683万8472元,6,"8,717,208",86,"324,175","377,279,966",2021-04-27
159,2021044,05,07,14,17,26,28,13,2亿9550万4539元,5,"10,000,000",160,"213,373","418,973,684",2021-04-25
160,2021043,02,03,17,18,23,24,01,2亿4308万5282元,3,"10,000,000",93,"331,233","389,948,810",2021-04-22
161,2021042,05,09,10,22,25,27,08,1亿8067万1046元,26,"5,498,446",275,"58,907","382,918,124",2021-04-20
162,2021041,02,09,18,23,26,32,14,2亿7503万2108元,54,"5,307,817",367,"56,614","415,676,146",2021-04-18
163,2021040,02,06,07,24,28,29,16,4亿9932万1280元,6,"8,652,104",238,"115,087","385,858,982",2021-04-15
164,2021039,02,08,21,24,29,31,13,4亿6906万1553元,7,"7,814,665",105,"234,555","377,513,042",2021-04-13
165,2021038,05,07,09,16,18,27,06,4亿4987万9238元,32,"5,502,610",539,"37,299","401,665,288",2021-04-11
166,2021037,13,17,19,24,26,30,12,5亿6564万9555元,7,"7,856,624",104,"240,340","374,416,372",2021-04-08
167,2021036,01,02,06,11,21,26,11,5亿4565万9537元,12,"6,690,644",137,"185,107","365,524,430",2021-04-06
168,2021035,12,14,18,20,26,28,11,5亿4986万8285元,7,"7,844,638",153,"162,683","382,205,894",2021-04-04
169,2021034,04,10,12,18,23,25,01,5亿3010万9002元,5,"8,852,481",155,"155,342","377,894,218",2021-04-01
170,2021033,02,12,13,14,31,33,06,5亿0213万7377元,7,"8,001,905",98,"268,027","378,842,354",2021-03-30
171,2021032,01,05,08,15,16,30,03,4亿7935万0693元,12,"6,977,206",187,"158,599","421,020,572",2021-03-28
172,2021031,06,11,21,25,28,31,07,4亿7410万2879元,12,"5,950,364",166,"85,876","389,664,660",2021-03-25
173,2021030,08,09,13,27,29,31,05,5亿0274万0835元,7,"8,232,900",143,"197,817","388,490,602",2021-03-23
174,2021029,08,10,15,17,22,30,12,4亿7550万7497元,17,"5,716,335",234,"65,051","413,514,858",2021-03-21
175,2021028,11,16,23,26,27,33,05,5亿2701万8817元,7,"7,433,674",125,"170,357","387,583,114",2021-03-18
176,2021027,05,07,09,16,20,26,08,5亿1517万0584元,23,"5,339,305",391,"24,948","371,997,822",2021-03-16
177,2021026,03,05,13,19,20,25,03,6亿0870万9487元,74,"5,079,572",829,"8,878","415,303,494",2021-03-14
178,2021025,06,08,14,17,18,30,11,9亿6251万6400元,6,"8,396,506",166,"153,456","370,761,350",2021-03-11
179,2021024,01,04,06,10,11,18,02,9亿3647万4051元,5,"9,223,370",139,"189,899","360,465,214",2021-03-09
180,2021023,02,21,22,23,27,28,11,9亿0340万2709元,4,"9,744,205",85,"279,070","397,987,234",2021-03-07
181,2021022,10,15,17,25,31,32,06,8亿7121万6452元,3,"10,000,000",84,"266,346","361,605,820",2021-03-04
182,2021021,04,08,17,24,28,33,13,8亿3409万7039元,19,"5,979,263",155,"150,048","350,734,702",2021-03-02
183,2021020,01,03,06,07,09,11,02,8亿7793万0510元,19,"6,085,156",505,"51,034","385,685,036",2021-02-28
184,2021019,12,16,17,24,28,29,08,9亿1623万1105元,6,"6,344,519",104,"96,960","351,320,330",2021-02-25
185,2021018,02,08,14,23,25,32,06,9亿2404万6536元,3,"10,000,000",128,"193,330","352,299,530",2021-02-23
186,2021017,09,15,18,29,32,33,02,8亿7980万7720元,6,"8,959,033",116,"255,972","442,443,732",2021-02-21
187,2021016,03,08,09,13,15,18,10,8亿4448万3666元,16,"6,134,153",192,"118,140","447,622,614",2021-02-07
188,2021015,06,14,16,26,28,29,07,8亿7458万0915元,6,"7,672,352",93,"215,512","373,264,066",2021-02-04
189,2021014,04,15,21,25,29,33,06,8亿6048万7095元,0,0,0,0,"365,029,152",2021-02-02
190,2021013,06,09,12,16,27,31,06,8亿1249万0648元,17,"5,756,403",169,"95,109","403,024,326",2021-01-31
191,2021012,03,06,14,18,20,26,01,- -,- -,- -,- -,- -,- -,2021-01-28
192,2021011,05,10,16,23,27,33,14,9亿0719万2691元,18,"5,425,200",228,"41,960","358,439,884",2021-01-26
193,2021010,01,04,11,19,32,33,05,9亿7614万5268元,7,"8,060,622",129,"207,600","394,795,416",2021-01-24
194,2021009,02,04,07,24,25,32,13,9亿5222万8282元,4,"10,000,000",57,"502,273","367,324,734",2021-01-21
195,2021008,01,05,07,14,18,33,07,9亿0633万9544元,4,"8,728,131",86,"216,751","358,122,646",2021-01-19
196,2021007,02,04,12,21,25,32,16,8亿8533万0100元,3,"10,000,000",104,"298,114","389,232,822",2021-01-17
197,2021006,06,08,22,24,25,26,01,8亿2231万8331元,10,"7,377,222",194,"153,171","367,900,704",2021-01-14
198,2021005,07,09,14,26,30,31,04,8亿0694万4718元,14,"6,353,946",76,"311,764","359,757,108",2021-01-12
199,2021004,02,03,07,08,17,22,15,8亿2481万7771元,2,"10,000,000",208,"145,638","396,531,778",2021-01-10
200,2021003,06,09,16,18,22,29,11,7亿5393万9585元,5,"9,406,368",136,"202,498","360,514,540",2021-01-07
201,2021002,06,10,13,25,26,32,11,7亿1835万2017元,10,"7,105,919",185,"142,291","374,374,440",2021-01-05
202,2021001,02,03,13,18,20,31,11,7亿1043万9245元,10,"7,034,106",126,"201,796","411,170,524",2021-01-03
203,2020134,02,09,10,20,22,26,01,7亿0450万1324元,48,"5,382,786",275,"83,517","399,565,532",2020-12-31
204,2020133,03,19,22,23,27,29,07,8亿9397万3468元,3,"10,000,000",99,"283,877","370,330,222",2020-12-29
205,2020132,01,04,11,12,14,23,04,8亿3966万1890元,5,"10,000,000",106,"309,129","425,174,496",2020-12-27
206,2020131,08,19,22,26,27,30,07,7亿9135万8796元,10,"6,733,037",139,"155,848","394,370,394",2020-12-24
207,2020130,08,09,11,14,17,29,16,7亿9370万0272元,9,"7,096,662",160,"147,421","405,085,034",2020-12-22
208,2020129,01,02,05,15,28,33,04,- -,- -,- -,- -,- -,- -,2020-12-20
209,2020128,08,10,15,16,23,26,10,7亿9469万9858元,14,"6,055,174",137,"134,785","395,094,864",2020-12-17
210,2020127,01,04,18,19,26,31,07,8亿2407万5658元,9,"6,838,584",183,"113,027","385,288,238",2020-12-15
211,2020126,03,07,12,14,23,28,11,8亿2357万0698元,33,"5,506,107",337,"61,949","423,827,948",2020-12-13
212,2020125,05,12,16,26,30,31,13,9亿4264万1447元,8,"8,008,557",162,"185,713","403,248,064",2020-12-10
213,2020124,16,18,19,20,29,33,12,9亿1645万3174元,3,"10,000,000",53,"485,568","394,367,604",2020-12-08
214,2020123,01,03,18,19,26,29,03,8亿6924万7735元,5,"10,000,000",106,"343,394","442,277,628",2020-12-06
215,2020122,12,15,17,24,26,31,15,8亿1004万8147元,7,"8,506,055",484,"63,384","416,050,434",2020-12-03
216,2020121,02,04,06,21,25,29,03,7亿7755万6587元,5,"9,656,537",91,"319,817","425,615,038",2020-12-01
217,2020120,01,02,03,04,09,10,12,7亿3852万9199元,28,"5,529,239",535,"34,623","470,788,664",2020-11-29
218,2020119,01,09,22,28,32,33,15,8亿3777万7744元,12,"6,880,004",117,"241,026","432,978,556",2020-11-26
219,2020118,11,13,19,26,30,33,05,8亿3573万7606元,4,"10,000,000",114,"262,410","419,968,358",2020-11-24
220,2020117,07,08,09,10,16,27,07,- -,- -,- -,- -,- -,- -,2020-11-22
221,2020116,05,06,14,16,19,27,10,8亿4113万5768元,9,"6,979,667",172,"129,484","434,234,564",2020-11-19
222,2020115,01,04,12,20,25,32,02,8亿3713万8988元,2,"10,000,000",114,"291,499","435,736,254",2020-11-17
223,2020114,01,05,11,24,30,32,03,7亿5744万6327元,16,"6,478,657",171,"172,942","476,450,128",2020-11-15
224,2020113,01,03,07,10,22,32,11,7亿7238万5388元,7,"5,279,749",114,"21,472","436,471,868",2020-11-12
225,2020112,02,09,12,17,28,32,05,8亿0200万0209元,14,"6,657,801",263,"110,309","426,910,448",2020-11-10
226,2020111,06,09,17,22,24,26,16,8亿0817万4858元,3,"10,000,000",106,"365,368","459,469,274",2020-11-08
227,2020110,02,06,09,14,22,25,04,7亿2198万7721元,9,"6,744,907",102,"192,453","365,150,166",2020-11-05
228,2020109,06,13,16,20,23,32,13,7亿2380万1259元,23,"5,708,816",133,"153,221","358,593,188",2020-11-03
229,2020108,10,12,15,17,23,32,05,7亿9396万8638元,18,"5,973,588",123,"178,095","398,129,794",2020-11-01
230,2020107,03,09,11,24,25,28,16,8亿3577万6030元,5,"9,250,245",185,"143,589","372,099,740",2020-10-29
231,2020106,02,04,11,15,18,28,10,8亿0233万5158元,14,"5,906,931",123,"129,034","362,151,946",2020-10-27
232,2020105,06,14,19,20,22,24,01,8亿3741万8291元,6,"8,700,739",117,"237,226","399,513,718",2020-10-25
233,2020104,04,08,10,16,27,29,09,8亿0635万6097元,9,"6,582,593",102,"174,550","371,069,028",2020-10-22
234,2020103,04,09,10,22,28,32,08,8亿1218万6919元,13,"6,122,197",136,"134,086","363,566,614",2020-10-20
235,2020102,09,10,19,25,26,29,08,8亿3706万8374元,73,"5,028,416",472,"6,000","385,810,668",2020-10-18
236,2020101,10,17,24,25,28,30,15,11亿9636万3693元,7,"8,298,609",109,"264,796","360,073,112",2020-10-15
237,2020100,01,07,15,16,20,23,07,11亿6786万5459元,9,"6,279,386",119,"120,950","352,785,364",2020-10-13
238,2020099,05,06,11,12,15,30,12,11亿8120万0651元,7,"7,301,898",258,"78,068","390,640,850",2020-10-11
239,2020098,06,08,11,22,25,33,02,11亿7188万9114元,7,"8,077,008",172,"156,533","347,585,130",2020-10-08
240,2020097,02,08,21,25,26,30,10,11亿4765万6700元,22,"5,489,356",418,"32,194","352,372,566",2020-10-06
241,2020096,01,20,23,26,27,32,15,12亿2805万0661元,8,"8,190,972",57,"559,819","356,787,262",2020-09-29
242,2020095,03,09,16,17,20,26,02,11亿9784万9256元,6,"7,745,143",283,"72,751","387,062,108",2020-09-27
243,2020094,10,15,17,27,29,31,08,11亿8255万4395元,2,"10,000,000",57,"248,955","357,043,412",2020-09-24
244,2020093,04,05,10,13,15,19,15,11亿5998万2996元,4,"10,000,000",110,"261,408","364,874,692",2020-09-22
245,2020092,01,06,12,18,22,24,03,11亿1371万8036元,6,"8,324,368",160,"155,829","394,714,558",2020-09-20
246,2020091,01,09,11,12,16,19,16,10亿8886万5952元,11,"6,771,891",120,"203,029","362,307,424",2020-09-17
247,2020090,02,21,23,26,31,32,06,10亿9026万6240元,6,"8,569,539",43,"622,594","357,200,726",2020-09-15
248,2020089,02,14,16,21,29,30,10,10亿6136万8833元,11,"7,200,974",113,"267,817","388,734,662",2020-09-13
249,2020088,01,06,12,26,29,30,12,10亿4978万9346元,14,"6,377,823",175,"137,782","359,763,320",2020-09-10
250,2020087,11,15,20,23,25,33,10,10亿6674万3130元,5,"7,940,558",44,"417,692","351,393,474",2020-09-08
251,2020086,02,04,06,15,24,27,06,10亿5131万0454元,7,"7,452,652",117,"183,424","383,150,704",2020-09-06
252,2020085,01,02,05,09,19,24,16,10亿3909万6893元,3,"10,000,000",135,"175,949","349,243,256",2020-09-03
253,2020084,03,07,16,17,23,30,07,9亿9783万7500元,15,"5,641,465",265,"45,386","340,223,360",2020-09-01
254,2020083,01,19,25,26,30,31,12,10亿4637万7044元,7,"7,916,189",96,"265,798","375,628,538",2020-08-30
255,2020082,02,08,11,17,21,30,09,10亿2524万0399元,22,"5,094,481",320,"8,119","339,738,944",2020-08-27
256,2020081,01,05,13,14,27,33,15,11亿2952万4256元,11,"7,057,769",108,"261,984","341,884,184",2020-08-25
257,2020080,14,15,18,22,31,33,01,11亿2227万6717元,2,"10,000,000",70,"397,581","375,199,530",2020-08-23
258,2020079,05,12,20,21,22,29,14,10亿5878万4536元,6,"8,578,055",183,"146,641","347,031,342",2020-08-20
259,2020078,03,11,14,16,21,32,04,10亿2974万6619元,1,"10,000,000",76,"347,407","339,766,446",2020-08-18
260,2020077,03,10,16,21,25,27,12,9亿6053万7693元,27,"5,841,121",326,"87,079","376,430,570",2020-08-16
261,2020076,10,15,16,18,20,27,06,10亿3308万4399元,8,"6,895,903",82,"231,207","346,015,916",2020-08-13
262,2020075,03,11,13,20,24,30,16,10亿3137万4526元,1,"10,000,000",143,"155,685","342,593,198",2020-08-11
263,2020074,04,08,09,13,19,33,12,9亿7458万5503元,5,"8,629,293",107,"211,991","375,478,220",2020-08-09
264,2020073,05,07,11,13,27,29,03,9亿4968万2723元,8,"7,005,129",129,"155,436","344,984,126",2020-08-06
265,2020072,06,08,10,15,17,26,04,9亿4556万9865元,7,"7,525,472",104,"212,479","335,806,408",2020-08-04
266,2020071,09,11,12,13,22,23,08,9亿3195万4524元,12,"6,156,653",133,"130,449","363,190,440",2020-08-02
267,2020070,01,02,04,06,19,21,15,9亿5378万4945元,23,"5,829,067",100,"238,356","343,442,594",2020-07-30
268,2020069,03,09,10,13,18,26,04,10亿1634万6427元,7,"7,827,856",99,"249,936","343,151,528",2020-07-28
269,2020068,12,16,21,26,27,32,10,9亿9691万0195元,17,"5,430,373",128,"71,448","376,630,286",2020-07-26
270,2020067,04,07,09,23,27,30,08,10亿6179万0227元,10,"6,979,941",140,"176,780","353,153,516",2020-07-23
271,2020066,02,09,13,17,26,28,07,10亿5734万1835元,15,"6,006,277",137,"137,720","352,149,702",2020-07-21
272,2020065,09,15,18,21,23,26,08,10亿9083万2907元,5,"8,838,315",89,"269,544","381,062,334",2020-07-19
273,2020064,01,03,07,21,27,32,01,10亿6305万6063元,1,"10,000,000",77,"351,356","356,057,386",2020-07-16
274,2020063,12,15,16,22,29,32,14,9亿9189万2696元,3,"10,000,000",103,"289,264","357,076,054",2020-07-14
275,2020062,10,14,17,22,26,27,05,9亿3250万9919元,5,"8,901,954",94,"259,438","391,827,962",2020-07-12
276,2020061,08,17,24,26,27,31,04,9亿0385万8043元,1,"10,000,000",91,"281,269","366,447,904",2020-07-09
277,2020060,05,09,14,20,24,30,08,8亿3707万1557元,38,"5,238,209",554,"20,424","356,937,202",2020-07-07
278,2020059,02,04,10,17,22,25,14,10亿0217万8704元,4,"10,000,000",190,"147,308","386,807,160",2020-07-05
279,2020058,01,03,11,12,19,26,07,9亿5821万2978元,18,"5,569,985",136,"94,299","356,052,050",2020-07-02
280,2020057,09,14,21,23,26,32,03,10亿1999万8705元,3,"10,000,000",113,"193,145","349,147,892",2020-06-30
281,2020056,02,05,08,12,26,31,14,9亿8452万2456元,17,"6,280,167",186,"146,255","380,233,782",2020-06-28
282,2020055,01,05,07,23,28,30,12,10亿0967万4637元,14,"5,761,052",198,"67,264","327,140,694",2020-06-25
283,2020054,03,10,19,25,26,31,02,10亿5037万4135元,11,"6,596,678",210,"104,544","338,817,016",2020-06-23
284,2020053,02,14,15,16,32,33,01,10亿5707万4616元,19,"6,277,278",360,"84,264","381,666,534",2020-06-21
285,2020052,02,08,13,29,32,33,15,10亿8533万6824元,2,"10,000,000",53,"568,303","352,815,504",2020-06-18
286,2020051,03,06,08,11,19,28,08,10亿1497万6572元,23,"5,442,583",268,"47,478","342,968,302",2020-06-16
287,2020050,04,09,17,20,32,33,15,11亿0198万3169元,5,"9,664,099",90,"323,895","379,409,292",2020-06-14
288,2020049,01,07,09,12,18,22,04,10亿6285万1807元,7,"7,652,110",140,"165,756","355,402,476",2020-06-11
289,2020048,12,14,18,23,30,32,02,10亿4679万8674元,6,"8,364,818",75,"336,481","351,604,616",2020-06-09
290,2020047,04,10,17,19,28,32,01,10亿2127万9165元,10,"7,200,661",140,"196,487","382,084,220",2020-06-07
291,2020046,13,19,25,26,27,32,08,10亿1076万0962元,7,"6,855,509",87,"186,617","350,122,868",2020-06-04
292,2020045,02,03,15,21,22,33,16,10亿1004万2406元,16,"6,075,531",115,"187,048","348,295,556",2020-06-02
293,2020044,07,08,16,17,19,24,07,10亿4271万9025元,10,"6,803,090",107,"210,641","379,328,476",2020-05-31
294,2020043,01,11,24,25,27,30,07,10亿4313万4035元,5,"7,928,059",64,"285,943","360,394,276",2020-05-28
295,2020042,02,06,07,11,14,31,03,10亿2787万3219元,5,"8,415,115",98,"217,800","345,472,844",2020-05-26
296,2020041,06,07,16,22,24,25,13,10亿0591万5378元,2,"10,000,000",102,"255,217","372,422,582",2020-05-24
297,2020040,01,06,12,16,19,21,04,9亿4781万8891元,5,"8,416,563",92,"232,103","341,533,118",2020-05-21
298,2020039,02,09,10,11,16,29,02,9亿2584万1149元,9,"6,952,125",166,"132,297","341,609,556",2020-05-19
299,2020038,01,06,07,18,23,24,15,9亿2252万6038元,15,"6,276,646",317,"75,511","374,760,420",2020-05-17
300,2020037,01,04,11,13,17,24,15,9亿4486万4355元,6,"6,810,277",65,"208,878","350,126,486",2020-05-14
301,2020036,07,09,16,22,24,32,06,9亿4499万4783元,3,"10,000,000",104,"204,187","346,455,736",2020-05-12
302,2020035,10,14,24,25,28,33,11,9亿1128万8358元,4,"9,777,104",97,"246,242","371,811,232",2020-05-10
303,2020034,02,08,15,16,26,32,03,8亿7874万0204元,11,"6,780,706",182,"134,531","340,793,680",2020-05-07
304,2020033,07,10,12,21,31,32,01,8亿7987万3846元,4,"10,000,000",97,"263,480","320,555,362",2020-05-05
305,2020032,03,11,13,14,15,26,13,8亿4320万0936元,11,"6,588,951",135,"161,837","338,904,002",2020-05-03
306,2020031,02,05,09,15,16,27,09,8亿5013万5149元,14,"5,603,722",310,"34,081","323,903,392",2020-04-30
307,2020030,17,18,21,29,30,32,03,8亿9689万1829元,1,"10,000,000",74,"322,591","327,786,632",2020-04-28
308,2020029,01,12,18,20,30,32,05,8亿3527万6431元,7,"7,432,574",63,"337,857","364,268,814",2020-04-26
309,2020028,05,06,15,18,26,32,08,8亿2344万9380元,7,"7,465,464",153,"140,998","323,795,596",2020-04-23
310,2020027,12,13,14,24,25,28,06,8亿1098万9197元,3,"10,000,000",112,"211,713","324,196,702",2020-04-21
311,2020026,01,04,09,18,19,31,06,7亿6985万3394元,3,"10,000,000",106,"181,297","349,633,986",2020-04-19
312,2020025,01,09,10,15,20,29,02,7亿4220万0788元,4,"9,977,229",156,"159,526","321,611,812",2020-04-16
313,2020024,10,13,27,28,29,31,08,7亿0745万1262元,8,"7,028,971",94,"215,848","317,568,426",2020-04-14
314,2020023,04,05,20,21,30,33,08,7亿0281万3893元,6,"7,277,843",107,"159,661","340,318,270",2020-04-12
315,2020022,02,10,20,22,25,30,02,6亿9522万9480元,8,"6,761,570",97,"181,605","311,416,184",2020-04-09
316,2020021,02,06,14,16,27,31,07,6亿9647万4938元,5,"7,581,452",116,"139,086","296,655,800",2020-04-07
317,2020020,01,06,09,13,15,22,14,6亿8597万9970元,4,"9,871,526",91,"267,666","310,764,432",2020-04-05
318,2020019,15,19,27,28,30,33,03,6亿5239万3178元,7,"7,437,091",60,"355,409","293,920,314",2020-04-02
319,2020018,05,07,08,11,17,22,13,6亿4047万9172元,8,"6,340,865",188,"71,322","287,194,532",2020-03-31
320,2020017,02,04,07,15,20,27,04,6亿5098万0126元,15,"5,992,154",127,"146,479","295,712,918",2020-03-29
321,2020016,05,06,08,17,24,27,07,6亿8505万3744元,12,"5,979,822",89,"165,138","260,860,736",2020-03-26
322,2020015,08,09,22,24,30,33,01,7亿1271万9613元,1,"10,000,000",60,"337,347","255,551,054",2020-03-24
323,2020014,02,07,08,10,12,16,07,6亿6199万7100元,5,"6,947,355",66,"184,408","261,933,168",2020-03-22
324,2020013,02,08,10,20,21,30,14,6亿6022万0960元,4,"7,500,138",184,"67,938","215,545,590",2020-03-19
325,2020012,04,13,14,23,26,31,09,6亿5271万9440元,3,"8,598,462",112,"120,484","198,501,652",2020-03-17
326,2020011,04,05,07,17,18,29,01,6亿3803万2121元,8,"6,079,680",67,"161,146","176,331,724",2020-03-15
327,2020010,11,14,22,27,31,32,09,6亿5427万9153元,2,"8,485,717",42,"207,483","142,522,854",2020-03-12
328,2020009,03,06,08,14,19,26,12,6亿4510万7708元,16,"6,003,258",253,"79,308","405,733,380",2020-01-21
329,2020008,01,04,06,10,11,28,16,6亿8096万4320元,17,"6,202,629",262,"97,541","395,048,088",2020-01-19
330,2020007,05,12,17,20,25,31,10,7亿0974万1377元,38,"5,371,408",269,"65,583","358,035,962",2020-01-16
331,2020006,03,04,05,10,16,32,09,8亿6092万9224元,20,"5,735,328",363,"50,642","361,697,316",2020-01-14
332,2020005,11,16,17,22,26,32,04,9亿2048万6146元,8,"7,446,888",224,"109,236","400,642,476",2020-01-12
333,2020004,02,15,17,27,32,33,03,9亿0665万4598元,7,"7,900,679",189,"134,290","370,826,158",2020-01-09
334,2020003,09,17,26,29,30,32,03,8亿8581万6521元,16,"6,237,758",134,"184,740","368,960,938",2020-01-07
335,2020002,04,09,14,15,16,29,11,9亿1135万5134元,16,"6,188,650",194,"122,541","410,784,878",2020-01-05
336,2020001,02,15,23,26,29,30,02,9亿3905万4504元,4,"10,000,000",113,"275,836","388,311,860",2020-01-02
337,2019151,02,06,09,18,24,26,14,8亿8554万5850元,8,"8,200,266",121,"264,484","405,999,712",2019-12-31
338,2019150,02,09,14,22,27,29,02,8亿5513万9985元,9,"7,571,049",158,"183,065","424,037,140",2019-12-29
339,2019149,01,06,27,28,31,33,07,8亿3650万6504元,16,"6,041,786",120,"173,631","401,837,358",2019-12-26
340,2019148,09,10,13,20,26,27,08,8亿7066万7904元,42,"5,386,963",179,"113,495","412,835,082",2019-12-24
341,2019147,01,09,12,14,23,27,12,10亿3597万3571元,10,"7,003,459",120,"208,693","428,843,148",2019-12-22
342,2019146,01,04,10,12,30,32,14,10亿3087万8448元,4,"10,000,000",82,"411,505","400,822,952",2019-12-19
343,2019145,01,08,13,17,18,19,16,9亿6964万8184元,15,"6,299,971",145,"168,099","404,721,396",2019-12-17
344,2019144,02,12,15,19,27,30,03,9亿9102万4359元,13,"6,951,733",276,"114,911","448,943,976",2019-12-15
345,2019143,05,13,15,16,26,32,09,9亿8624万9870元,11,"6,396,823",471,"40,777","421,054,466",2019-12-12
346,2019142,08,14,24,27,29,33,09,9亿9899万5951元,14,"5,681,439",72,"165,627","429,455,474",2019-12-10
347,2019141,10,13,14,15,17,33,14,10亿4276万0527元,2,"10,000,000",101,"317,944","466,103,236",2019-12-08
348,2019140,02,04,09,11,14,22,05,9亿6642万3413元,25,"5,699,960",187,"116,972","421,874,374",2019-12-05
349,2019139,08,14,20,23,30,33,11,10亿4330万1115元,4,"10,000,000",87,"370,721","420,684,332",2019-12-03
350,2019138,02,06,12,30,31,32,11,9亿8654万2917元,15,"6,123,356",221,"95,307","455,574,142",2019-12-01
351,2019137,07,10,13,19,23,31,06,10亿1520万4480元,27,"5,601,120",230,"88,207","414,318,454",2019-11-28
352,2019136,12,14,15,17,29,33,12,11亿0557万1297元,7,"7,822,924",50,"494,011","411,048,748",2019-11-26
353,2019135,03,06,10,11,27,33,03,10亿8622万9996元,4,"10,000,000",145,"227,222","448,749,008",2019-11-24
354,2019134,01,04,06,22,29,30,03,10亿2738万8308元,7,"8,383,006",99,"299,003","424,644,500",2019-11-21
355,2019133,03,07,16,21,24,31,07,9亿9726万5432元,10,"7,387,274",163,"183,073","412,973,230",2019-11-19
356,2019132,04,06,11,14,19,33,07,9亿8161万5374元,7,"8,159,750",141,"196,083","443,878,462",2019-11-17
357,2019131,09,17,19,20,24,31,04,9亿5579万0186元,12,"6,956,355",195,"150,488","413,548,024",2019-11-14
358,2019130,01,07,09,11,24,32,16,9亿5123万0446元,15,"6,791,765",151,"222,487","418,172,282",2019-11-12
359,2019129,03,04,07,09,15,26,07,9亿5232万0130元,20,"5,800,136",360,"55,565","442,669,038",2019-11-10
360,2019128,03,08,12,16,17,19,08,10亿0831万2621元,9,"6,051,317",118,"100,231","342,336,168",2019-11-07
361,2019127,02,06,07,12,17,24,10,10亿2729万2513元,15,"5,970,153",227,"80,133","338,393,664",2019-11-05
362,2019126,02,14,17,29,32,33,16,10亿6227万3688元,8,"7,151,842",81,"265,659","369,776,508",2019-11-03
363,2019125,02,11,12,26,27,29,03,10亿5493万3143元,8,"7,374,072",253,"93,836","342,491,160",2019-10-31
364,2019124,04,09,30,31,32,33,01,10亿4270万3541元,14,"6,175,971",153,"134,506","337,939,626",2019-10-29
365,2019123,02,06,08,17,28,30,06,10亿6742万8638元,19,"5,596,004",366,"38,675","360,609,038",2019-10-27
366,2019122,04,10,15,19,21,23,02,11亿3128万7397元,4,"10,000,000",117,"226,282","334,989,390",2019-10-24
367,2019121,02,06,15,21,30,31,02,10亿9186万2134元,15,"6,185,649",138,"161,093","334,748,934",2019-10-22
368,2019120,10,12,27,31,32,33,03,11亿1795万4087元,5,"8,898,140",85,"286,627","361,613,906",2019-10-20
369,2019119,04,20,22,24,26,33,07,10亿8935万4655元,9,"6,158,337",73,"178,510","332,545,590",2019-10-17
370,2019118,12,14,15,25,28,31,04,11亿0568万5807元,6,"8,013,754",142,"159,177","329,400,746",2019-10-15
371,2019117,03,05,11,28,32,33,01,10亿8595万8852元,5,"9,637,937",135,"214,719","358,734,764",2019-10-13
372,2019116,01,08,09,13,16,33,01,10亿4718万7205元,7,"8,062,689",146,"183,551","336,502,106",2019-10-10
373,2019115,04,10,11,14,15,29,05,10亿2323万0427元,8,"7,126,357",137,"155,208","354,033,692",2019-10-08
374,2019114,02,04,09,11,12,30,01,10亿1645万0569元,4,"10,000,000",180,"167,444","372,847,052",2019-09-29
375,2019113,01,05,19,21,25,33,15,9亿6603万0310元,5,"8,717,723",118,"196,913","339,648,916",2019-09-26
376,2019112,03,12,14,17,23,27,01,9亿3991万1612元,6,"8,762,335",173,"163,107","335,430,712",2019-09-24
377,2019111,07,18,20,22,24,33,01,9亿0783万3069元,6,"9,138,179",82,"378,492","371,095,278",2019-09-22
378,2019110,01,18,22,26,27,28,08,8亿6955万3104元,8,"7,132,577",89,"239,615","345,297,696",2019-09-19
379,2019109,03,06,07,17,28,31,10,8亿6263万6404元,5,"8,306,978",218,"94,810","339,057,352",2019-09-17
380,2019108,07,13,19,22,25,32,13,8亿4216万5456元,13,"6,413,151",110,"208,761","361,553,454",2019-09-15
381,2019107,02,06,08,23,27,32,02,8亿5664万5293元,2,"10,000,000",54,"475,645","326,852,234",2019-09-12
382,2019106,02,14,22,27,30,33,14,7亿9959万0658元,3,"10,000,000",65,"385,201","330,410,652",2019-09-10
383,2019105,02,13,15,17,26,33,01,7亿5447万6375元,6,"8,463,242",85,"305,580","365,092,568",2019-09-08
384,2019104,01,05,16,17,18,24,10,7亿2733万2881元,7,"6,848,206",120,"134,765","336,503,558",2019-09-05
385,2019103,04,12,14,21,27,29,12,7亿2675万4909元,2,"10,000,000",101,"268,873","334,444,954",2019-09-03
386,2019102,03,08,12,16,20,32,12,6亿6528万6304元,18,"5,786,187",198,"89,339","365,310,214",2019-09-01
387,2019101,01,04,09,21,31,33,05,7亿1637万0043元,4,"6,477,614",77,"95,948","336,008,906",2019-08-29
388,2019100,01,04,12,13,30,32,08,7亿2011万6287元,2,"10,000,000",60,"404,624","334,319,180",2019-08-27
389,2019099,07,14,22,23,27,30,08,6亿6728万3924元,26,"5,524,776",185,"92,190","355,328,056",2019-08-25
390,2019098,03,11,12,14,17,26,09,7亿5976万2439元,4,"9,535,306",136,"166,739","334,187,522",2019-08-22
391,2019097,03,05,18,24,25,31,09,7亿2987万4065元,5,"7,465,772",98,"157,255","328,319,954",2019-08-20
392,2019096,05,07,12,18,27,32,11,7亿2096万9696元,48,"5,399,584",310,"77,338","355,103,324",2019-08-18
393,2019095,02,05,14,19,21,28,01,9亿0822万4516元,3,"10,000,000",95,"236,670","327,102,912",2019-08-15
394,2019094,05,10,12,18,19,27,06,8亿7077万3310元,8,"6,822,140",301,"60,536","318,739,184",2019-08-13
395,2019093,05,07,08,09,20,22,02,8亿7068万6214元,27,"5,590,139",629,"31,664","343,851,622",2019-08-11
396,2019092,09,17,27,28,32,33,08,9亿6186万8391元,6,"6,573,767",67,"176,168","325,113,036",2019-08-08
397,2019091,07,10,21,24,29,32,11,9亿6590万1226元,2,"10,000,000",94,"260,518","321,773,688",2019-08-06
398,2019090,02,03,06,08,14,22,04,9亿1243万4874元,2,"10,000,000",93,"289,490","355,808,718",2019-08-04
399,2019089,02,04,14,16,20,22,11,8亿5166万6935元,7,"6,961,515",104,"165,031","321,183,320",2019-08-01
400,2019088,13,14,15,21,23,29,13,8亿4890万7760元,18,"5,697,370",77,"203,777","320,442,344",2019-07-30
401,2019087,04,05,07,09,21,30,04,9亿0438万7916元,5,"9,423,734",99,"279,276","348,495,228",2019-07-28
402,2019086,16,22,24,26,28,31,06,8亿6856万1562元,11,"6,364,807",120,"156,384","318,423,888",2019-07-25
403,2019085,01,04,14,18,24,29,04,8亿8227万6151元,12,"6,519,571",61,"373,665","322,387,974",2019-07-23
404,2019084,04,08,14,18,20,27,03,8亿9213万0280元,15,"5,979,203",300,"61,200","356,282,880",2019-07-21
405,2019083,06,15,17,26,28,31,03,9亿2673万8145元,10,"6,795,196",118,"190,169","329,029,762",2019-07-18
406,2019082,07,16,19,22,24,28,02,9亿2737万0251元,5,"8,270,886",91,"224,648","328,221,990",2019-07-16
407,2019081,05,24,27,29,31,32,10,9亿0739万5563元,5,"8,910,511",58,"421,391","359,862,504",2019-07-14
408,2019080,03,06,08,20,24,32,07,8亿7862万6031元,7,"6,502,641",80,"164,351","333,601,616",2019-07-11
409,2019079,01,03,06,09,19,31,16,8亿8470万0186元,15,"6,163,816",156,"139,881","324,952,306",2019-07-09
410,2019078,01,17,27,29,31,33,12,9亿1169万2755元,14,"6,369,078",199,"120,396","358,699,764",2019-07-07
411,2019077,09,11,13,18,21,22,15,9亿2898万3242元,1,"10,000,000",118,"221,011","331,156,004",2019-07-04
412,2019076,12,15,19,20,29,32,14,8亿6074万5165元,4,"10,000,000",84,"299,030","327,737,064",2019-07-02
413,2019075,05,08,20,22,31,33,03,8亿2538万9586元,2,"10,000,000",69,"329,031","356,452,390",2019-06-30
414,2019074,12,21,27,29,31,33,04,7亿7727万9978元,4,"10,000,000",51,"558,701","339,313,032",2019-06-27
415,2019073,01,02,06,12,16,18,08,7亿3179万8593元,17,"5,684,254",146,"99,591","334,373,706",2019-06-25
416,2019072,02,09,13,15,22,30,15,7亿8480万9688元,10,"6,995,170",155,"160,900","366,310,328",2019-06-23
417,2019071,01,08,19,24,29,30,04,7亿7994万2491元,22,"5,832,271",371,"61,691","338,921,834",2019-06-20
418,2019070,06,15,18,19,24,32,09,8亿3959万0047元,3,"10,000,000",103,"182,464","335,727,814",2019-06-18
419,2019069,06,11,16,19,21,25,01,8亿1320万8375元,8,"7,285,184",226,"101,114","370,103,190",2019-06-16
420,2019068,03,14,20,24,26,33,10,8亿0293万4315元,6,"8,093,762",64,"362,550","331,635,522",2019-06-13
421,2019067,04,06,08,11,30,33,11,7亿8188万7228元,5,"7,973,990",110,"168,976","330,381,956",2019-06-11
422,2019066,01,14,17,20,22,32,04,7亿6599万4853元,6,"8,522,847",86,"307,225","354,505,682",2019-06-09
423,2019065,06,09,11,15,20,26,10,7亿3786万7862元,10,"6,616,248",317,"63,732","327,400,036",2019-06-06
424,2019064,12,20,24,25,30,33,12,7亿4342万1022元,4,"9,064,360",92,"220,889","331,639,006",2019-06-04
425,2019063,01,14,19,22,29,31,16,7亿1871万3061元,5,"9,289,366",91,"294,599","361,222,550",2019-06-02
426,2019062,07,13,16,23,26,30,01,6亿8473万4277元,7,"8,340,699",161,"181,559","339,468,976",2019-05-30
427,2019061,03,17,19,24,27,31,12,6亿5542万5812元,6,"8,443,688",80,"322,845","335,296,666",2019-05-28
428,2019060,03,04,14,20,23,27,01,6亿2860万4946元,2,"10,000,000",118,"246,389","367,103,342",2019-05-26
429,2019059,04,05,07,09,16,18,06,5亿6138万3166元,2,"10,000,000",125,"162,165","345,567,246",2019-05-23
430,2019058,07,08,12,21,23,27,12,5亿2057万1254元,20,"5,260,714",127,"51,321","339,299,672",2019-05-21
431,2019057,04,05,06,08,13,18,16,6亿0623万1938元,7,"8,216,242",127,"221,591","372,560,948",2019-05-19
432,2019056,13,14,17,19,21,29,01,5亿7931万9269元,1,"10,000,000",78,"245,905","351,267,630",2019-05-16
433,2019055,01,06,11,15,19,31,10,5亿3177万7347元,2,"10,000,000",61,"368,485","350,070,872",2019-05-14
434,2019054,07,10,11,15,24,26,11,4亿8434万4441元,8,"6,741,103",132,"131,901","376,075,414",2019-05-12
435,2019053,04,16,22,25,29,31,08,4亿8604万0155元,12,"5,969,643",109,"133,437","345,533,966",2019-05-09
436,2019052,03,06,09,13,16,19,16,5亿1404万1918元,153,"5,117,604",2295,"9,800","342,251,970",2019-05-07
437,2019051,08,09,10,13,15,28,09,12亿2955万9631元,13,"5,503,869",120,"68,232","371,316,762",2019-05-05
438,2019050,04,06,10,11,21,23,02,12亿7654万6288元,13,"6,136,790",100,"184,728","311,858,860",2019-05-02
439,2019049,03,10,13,22,23,28,15,13亿0090万6020元,9,"6,552,485",205,"85,197","333,775,314",2019-04-30
440,2019048,03,07,10,12,18,29,10,13亿0748万2004元,8,"7,251,672",153,"147,168","379,210,874",2019-04-28
441,2019047,03,11,18,25,30,33,14,12亿9794万5208元,1,"10,000,000",388,"69,165","349,665,886",2019-04-25
442,2019046,02,12,16,22,25,32,06,12亿2743万6396元,17,"5,847,483",132,"136,431","349,236,650",2019-04-23
443,2019045,01,06,17,19,27,31,14,12亿7281万6559元,7,"8,172,099",83,"334,408","380,577,960",2019-04-21
444,2019044,06,14,16,17,23,29,07,12亿4675万3637元,12,"5,956,414",188,"76,309","350,579,948",2019-04-18
445,2019043,01,06,12,13,24,32,13,12亿7519万1954元,2,"10,000,000",99,"249,954","345,296,562",2019-04-16
446,2019042,15,17,19,22,25,26,04,12亿2095万5571元,4,"10,000,000",132,"195,373","376,134,240",2019-04-14
447,2019041,02,09,13,23,24,26,16,11亿8358万7505元,2,"10,000,000",103,"274,965","347,145,834",2019-04-11
448,2019040,05,06,09,18,23,31,11,11亿1862万3191元,8,"6,661,238",159,"104,480","335,974,062",2019-04-09
449,2019039,06,07,11,14,27,32,08,11亿2207万5950元,11,"6,258,711",136,"127,259","363,128,750",2019-04-07
450,2019038,09,12,21,27,29,30,05,11亿3899万9919元,10,"6,243,868",101,"153,944","335,328,036",2019-04-04
451,2019037,01,07,12,14,18,25,10,11亿5479万3537元,12,"6,514,774",213,"106,674","344,923,376",2019-04-02
452,2019036,02,10,13,16,23,32,08,11亿6480万5979元,21,"5,000,000",85,"6,000","383,547,756",2019-03-31
453,2019035,01,05,07,09,10,20,16,12亿6980万5979元,11,"7,034,000",233,"120,032","354,951,028",2019-03-28
454,2019034,09,11,15,22,24,26,03,12亿6327万7472元,10,"6,957,743",103,"237,590","354,652,922",2019-03-26
455,2019033,09,15,19,21,23,29,15,12亿5943万9534元,22,"6,000,111",224,"122,781","385,168,218",2019-03-24
456,2019032,04,08,09,13,28,33,04,13亿0893万2812元,6,"8,788,636",228,"124,626","353,034,100",2019-03-21
457,2019031,03,13,15,18,21,33,16,12亿7642万0305元,5,"9,429,639",119,"232,649","358,344,316",2019-03-19
458,2019030,04,05,07,10,12,22,16,12亿4051万2761元,17,"6,202,265",196,"130,347","392,415,448",2019-03-17
459,2019029,08,11,17,23,32,33,10,12亿6930万6832元,6,"8,343,406",83,"302,115","358,515,950",2019-03-14
460,2019028,04,19,22,26,29,30,11,12亿4414万0628元,11,"6,380,332",165,"115,027","356,878,622",2019-03-12
461,2019027,02,06,08,10,11,17,13,12亿5738万5558元,9,"7,407,292",223,"121,444","393,236,612",2019-03-10
462,2019026,03,13,15,19,20,27,14,12亿4280万5065元,10,"6,689,534",105,"201,135","349,411,720",2019-03-07
463,2019025,15,16,21,27,30,33,04,12亿4634万2879元,5,"9,479,664",74,"378,350","345,714,892",2019-03-05
464,2019024,01,08,23,25,28,29,10,12亿0974万7493元,8,"6,940,962",99,"196,056","384,117,562",2019-03-03
465,2019023,01,10,14,15,18,31,13,12亿0704万6316元,13,"6,088,193",336,"52,628","353,488,994",2019-02-28
466,2019022,03,07,11,21,30,33,07,12亿3314万3388元,19,"5,503,206",169,"70,716","338,829,860",2019-02-26
467,2019021,02,05,07,08,20,27,04,13亿0185万0849元,6,"8,810,224",214,"133,535","370,839,306",2019-02-24
468,2019020,02,12,13,23,27,28,12,12亿6898万2145元,11,"6,275,977",233,"75,299","330,603,914",2019-02-21
469,2019019,03,11,17,18,24,25,06,12亿8538万3840元,24,"5,530,875",268,"59,426","326,400,930",2019-02-19
470,2019018,04,11,18,19,26,32,04,13亿7034万6090元,8,"7,473,244",364,"67,946","349,743,310",2019-02-17
471,2019017,04,05,24,28,30,33,09,13亿5593万4705元,3,"9,404,407",50,"330,330","312,764,888",2019-02-14
472,2019016,05,07,09,11,19,25,05,13亿3459万8348元,11,"6,236,511",157,"108,293","314,659,700",2019-02-12
473,2019015,11,15,16,20,24,31,04,13亿5219万3873元,13,"6,477,986",181,"132,692","386,508,326",2019-02-03
474,2019014,01,02,03,14,19,33,03,13亿6435万5844元,7,"7,683,510",168,"139,766","327,526,362",2019-01-31
475,2019013,05,07,14,16,18,21,01,13亿4769万8265元,4,"10,000,000",77,"363,158","332,648,408",2019-01-29
476,2019012,07,10,21,23,31,33,14,13亿0380万8580元,2,"10,000,000",55,"472,600","370,443,836",2019-01-27
477,2019011,10,13,19,21,24,30,07,12亿4582万9570元,4,"8,829,188",72,"265,915","340,431,350",2019-01-24
478,2019010,02,04,05,08,11,30,02,12亿2370万8496元,15,"5,753,329",178,"79,353","336,769,874",2019-01-22
479,2019009,01,07,10,22,31,32,15,12亿6763万3646元,12,"7,191,309",122,"269,423","376,873,348",2019-01-20
480,2019008,02,06,09,13,28,32,12,12亿5532万0435元,4,"9,716,477",86,"274,213","342,498,692",2019-01-17
481,2019007,06,10,14,15,19,23,15,12亿2343万9184元,9,"7,306,482",198,"131,050","340,543,166",2019-01-15
482,2019006,01,05,10,19,26,28,12,12亿1135万3738元,32,"5,514,887",96,"214,536","375,825,296",2019-01-13
483,2019005,21,22,26,28,31,32,07,13亿2604万3660元,11,"6,133,650",68,"229,230","343,365,078",2019-01-10
484,2019004,08,12,16,19,26,32,03,13亿4675万0738元,8,"7,428,584",222,"109,395","338,080,388",2019-01-08
485,2019003,13,17,20,21,22,27,01,13亿3332万1882元,5,"9,635,283",129,"224,577","373,728,002",2019-01-06
486,2019002,04,05,06,08,09,18,11,12亿9458万6730元,9,"7,273,230",129,"198,246","345,144,344",2019-01-03
487,2019001,06,10,13,15,32,33,15,12亿8332万4272元,14,"6,657,038",147,"197,266","341,453,440",2019-01-01
488,2018153,01,07,17,23,25,31,11,12亿8952万8301元,4,"10,000,000",133,"205,313","363,663,410",2018-12-30
489,2018152,04,14,16,23,28,29,03,12亿4760万8325元,20,"5,479,653",168,"71,376","342,935,808",2018-12-27
490,2018151,05,15,19,25,26,29,15,13亿2122万7399元,4,"9,708,849",203,"115,981","345,353,380",2018-12-25
491,2018150,06,08,15,19,20,31,05,12亿8943万0060元,15,"6,255,214",270,"87,167","377,320,206",2018-12-23
492,2018149,01,07,08,10,12,24,01,13亿1265万2452元,12,"6,743,951",212,"123,392","353,364,860",2018-12-20
493,2018148,03,06,18,19,21,31,01,13亿1510万2044元,11,"6,665,301",210,"109,037","346,743,178",2018-12-18
494,2018147,03,15,17,23,27,30,11,13亿1972万6677元,11,"6,875,712",102,"252,853","378,419,434",2018-12-16
495,2018146,02,10,11,17,18,29,16,13亿1798万6374元,13,"6,395,974",157,"144,487","345,409,226",2018-12-13
496,2018145,03,09,13,22,23,25,06,13亿3308万0271元,21,"5,598,712",172,"91,373","349,376,292",2018-12-11
497,2018144,08,13,17,18,20,27,13,14亿0350万4611元,1,"10,000,000",117,"241,814","387,956,028",2018-12-09
498,2018143,04,06,15,28,32,33,14,13亿2862万7871元,16,"6,480,336",117,"253,048","373,157,016",2018-12-06
499,2018142,05,08,10,11,27,28,11,13亿4349万3083元,16,"5,856,527",242,"70,787","390,581,690",2018-12-04
500,2018141,11,14,16,18,24,33,04,13亿8580万5866元,2,"10,000,000",115,"248,604","416,166,816",2018-12-02
501,2018140,01,15,20,22,25,28,14,13亿2003万7180元,0,0,103,"318,026","386,006,162",2018-11-29
502,2018139,11,18,20,23,31,32,15,12亿2176万6906元,10,"7,121,941",82,"323,466","380,559,364",2018-11-27
503,2018138,01,10,25,27,30,32,09,12亿1341万3511元,3,"10,000,000",67,"453,502","412,013,682",2018-11-25
504,2018137,03,05,11,15,20,23,09,11亿5225万9559元,10,"6,284,256",141,"113,852","379,485,292",2018-11-22
505,2018136,10,12,15,25,26,27,14,11亿6694万2493元,6,"8,548,933",149,"178,637","377,111,910",2018-11-20
506,2018135,01,03,06,10,11,29,16,11亿3838万5085元,4,"10,000,000",133,"234,150","406,719,454",2018-11-18
507,2018134,03,16,18,31,32,33,12,10亿8495万9009元,11,"6,833,164",297,"84,868","377,767,366",2018-11-15
508,2018133,02,04,11,12,18,32,13,10亿8450万5788元,3,"10,000,000",65,"361,738","374,106,026",2018-11-13
509,2018132,01,02,09,10,15,22,06,10亿4396万6776元,12,"6,627,168",104,"234,687","408,709,916",2018-11-11
510,2018131,21,22,24,31,32,33,01,10亿5027万0214元,2,"10,000,000",125,"244,689","383,809,176",2018-11-08
511,2018130,05,12,17,18,24,28,12,9亿7851万1798元,17,"6,072,806",841,"27,107","374,274,632",2018-11-06
512,2018129,02,04,06,16,18,19,16,10亿1335万8099元,7,"8,728,266",117,"278,823","418,290,398",2018-11-04
513,2018128,06,07,08,19,22,23,02,9亿7658万8973元,11,"7,226,364",300,"102,041","388,471,822",2018-11-01
514,2018127,02,05,06,07,11,15,12,9亿6424万1444元,13,"6,414,968",202,"113,827","383,266,268",2018-10-30
515,2018126,01,06,08,09,14,22,05,9亿7865万6335元,8,"7,588,766",138,"187,591","415,778,246",2018-10-28
516,2018125,03,10,11,14,15,32,02,9亿6170万3467元,3,"10,000,000",54,"598,926","391,293,382",2018-10-25
517,2018124,09,13,14,19,22,25,02,8亿9467万7451元,4,"9,291,791",127,"168,968","378,069,006",2018-10-23
518,2018123,13,21,24,27,31,32,01,8亿6746万7741元,6,"9,217,817",115,"275,075","410,429,482",2018-10-21
519,2018122,05,07,20,22,30,32,10,8亿2787万3755元,31,"5,238,879",230,"40,245","327,644,802",2018-10-18
520,2018121,06,08,14,19,23,25,11,9亿6250万9317元,11,"6,468,429",142,"142,189","321,305,376",2018-10-16
521,2018120,03,04,18,26,27,33,01,9亿7308万9335元,5,"9,561,820",185,"154,115","357,215,818",2018-10-14
522,2018119,03,13,14,16,25,27,12,9亿3536万4310元,10,"6,043,410",117,"111,475","328,321,394",2018-10-11
523,2018118,08,12,21,22,27,31,09,9亿5667万0540元,7,"6,907,203",140,"119,200","322,015,414",2018-10-09
524,2018117,08,11,15,17,23,25,05,9亿5495万6874元,6,"7,824,932",189,"112,100","340,052,040",2018-10-07
525,2018116,05,14,17,22,23,28,15,9亿3834万5496元,44,"5,308,473",320,"53,018","281,786,404",2018-10-04
526,2018115,01,13,19,24,26,29,11,11亿2102万0227元,1,"10,000,000",52,"243,906","273,986,534",2018-10-02
527,2018114,01,07,15,16,20,27,14,10亿9297万0758元,6,"7,981,155",203,"110,141","336,072,030",2018-09-30
528,2018113,01,06,09,16,25,26,09,10亿7378万1687元,11,"5,895,165",208,"59,175","314,160,394",2018-09-27
529,2018112,05,08,18,25,26,31,04,11亿0170万2921元,11,"6,090,396",154,"97,356","302,328,982",2018-09-25
530,2018111,01,07,14,24,25,28,08,11亿2371万8442元,11,"5,565,493",143,"54,374","320,180,512",2018-09-23
531,2018110,11,13,16,21,22,23,02,11亿6161万2266元,2,"10,000,000",66,"389,022","307,066,624",2018-09-20
532,2018109,10,11,18,23,31,33,15,11亿0458万5752元,4,"8,282,094",69,"237,832","306,989,720",2018-09-18
533,2018108,05,13,18,21,26,30,02,10亿8848万2714元,22,"5,859,675",179,"132,073","322,147,946",2018-09-16
534,2018107,01,02,05,12,20,22,01,11亿4647万2338元,6,"8,438,555",139,"185,533","317,508,712",2018-09-13
535,2018106,04,18,19,24,25,26,10,11亿1973万6168元,4,"8,430,179",125,"137,207","312,096,980",2018-09-11
536,2018105,04,05,13,18,19,25,01,11亿0200万4192元,17,"6,257,964",150,"178,211","343,324,268",2018-09-09
537,2018104,02,03,06,19,25,29,01,11亿2819万4345元,5,"8,635,318",158,"143,802","312,637,426",2018-09-06
538,2018103,02,09,15,22,23,24,16,11亿0320万8722元,7,"7,746,753",111,"216,523","314,574,584",2018-09-04
539,2018102,02,06,11,19,21,28,05,10亿8533万3716元,4,"8,922,949",163,"120,335","340,812,198",2018-09-02
540,2018101,01,03,14,26,29,33,09,10亿6218万1270元,5,"7,864,370",70,"255,747","308,676,480",2018-08-30
541,2018100,02,11,14,15,29,33,02,10亿4779万6176元,3,"10,000,000",91,"234,630","309,533,260",2018-08-28
542,2018099,03,07,08,14,25,32,06,10亿1374万2168元,12,"6,102,840",242,"68,357","339,383,254",2018-08-26
543,2018098,06,10,11,20,29,32,13,10亿3734万8433元,9,"7,336,982",125,"210,328","314,746,902",2018-08-23
544,2018097,01,02,17,20,25,28,13,10亿2450万8131元,1,"10,000,000",38,"607,210","313,501,772",2018-08-21
545,2018096,01,05,09,20,28,32,12,9亿6528万6126元,23,"5,556,088",150,"106,583","338,691,852",2018-08-19
546,2018095,10,11,12,21,26,33,09,10亿4511万3520元,4,"8,780,501",87,"217,270","320,539,494",2018-08-16
547,2018094,04,07,16,20,24,30,05,10亿2352万8004元,0,0,148,"137,747","314,204,036",2018-08-14
548,2018093,04,18,20,21,29,33,07,9亿6236万8068元,3,"10,000,000",78,"304,804","341,609,166",2018-08-12
549,2018092,06,10,16,19,24,33,16,9亿2104万3817元,1,"10,000,000",95,"269,198","318,819,890",2018-08-09
550,2018091,06,11,13,17,25,32,07,8亿5432万2188元,4,"8,999,907",81,"246,907","315,853,082",2018-08-07
551,2018090,01,02,04,10,14,23,07,8亿3032万3212元,12,"5,776,285",85,"136,991","340,370,390",2018-08-05
552,2018089,06,09,12,14,18,27,14,8亿6470万5795元,5,"9,128,194",172,"150,007","312,432,712",2018-08-02
553,2018088,03,05,12,29,30,32,14,8亿3294万3120元,8,"7,319,478",69,"336,156","315,199,378",2018-07-31
554,2018087,01,05,10,16,18,31,03,8亿2191万4596元,3,"10,000,000",74,"382,259","348,603,358",2018-07-29
555,2018086,02,07,17,21,23,26,16,7亿6705万2918元,18,"5,839,185",109,"173,226","322,631,262",2018-07-26
556,2018085,04,10,25,26,30,33,06,8亿1551万3264元,8,"6,541,028",88,"175,116","322,576,362",2018-07-24
557,2018084,05,06,08,12,22,24,03,8亿2161万0647元,13,"6,216,121",249,"79,365","347,865,554",2018-07-22
558,2018083,04,09,18,21,32,33,03,8亿4313万4325元,11,"6,964,663",126,"214,397","323,565,026",2018-07-19
559,2018082,06,12,14,20,22,24,09,8亿3870万3256元,8,"6,895,145",140,"135,367","319,081,284",2018-07-17
560,2018081,01,02,12,16,20,26,03,8亿3701万0055元,5,"9,113,851",154,"166,958","349,698,540",2018-07-15
561,2018080,04,07,13,20,29,33,03,8亿0544万4602元,6,"8,230,212",128,"189,270","325,310,442",2018-07-12
562,2018079,14,15,17,22,24,29,13,7亿8214万6094元,2,"10,000,000",77,"347,163","327,442,428",2018-07-10
563,2018078,03,10,14,17,18,30,12,7亿2195万1374元,6,"7,550,329",204,"93,762","358,569,878",2018-07-08
564,2018077,02,05,09,15,20,24,10,7亿0987万0938元,7,"7,421,960",109,"194,423","327,832,004",2018-07-05
565,2018076,03,07,08,15,29,30,13,6亿9824万8210元,22,"5,565,528",363,"42,843","327,873,252",2018-07-03
566,2018075,07,09,12,13,22,24,11,7亿7403万3783元,17,"5,972,248",120,"172,168","356,378,720",2018-07-01
567,2018074,09,11,14,20,27,30,09,8亿1358万1190元,9,"6,057,912",120,"99,179","327,800,026",2018-06-28
568,2018073,02,09,14,15,16,23,10,8亿3239万7856元,8,"7,236,302",104,"215,029","329,645,754",2018-06-26
569,2018072,11,16,19,22,25,30,08,8亿2319万9206元,19,"5,128,649",101,"30,251","372,281,494",2018-06-24
570,2018071,02,05,06,13,16,19,03,9亿1147万7268元,9,"6,963,036",110,"200,765","348,880,396",2018-06-21
571,2018070,04,09,15,16,19,27,10,9亿0789万2115元,13,"6,439,454",138,"169,500","339,461,364",2018-06-19
572,2018069,06,13,17,19,23,31,12,9亿2143万1615元,5,"8,350,663",126,"166,203","355,213,336",2018-06-17
573,2018068,08,10,17,20,27,30,01,9亿0036万0000元,3,"10,000,000",225,"106,134","332,649,368",2018-06-14
574,2018067,01,04,09,12,15,18,05,8亿5871万9248元,8,"7,355,099",122,"193,040","324,647,042",2018-06-12
575,2018066,09,16,17,19,22,26,10,8亿4690万7070元,10,"6,805,079",195,"115,710","357,968,382",2018-06-10
576,2018065,01,04,06,14,28,33,01,8亿4726万7386元,6,"8,384,489",123,"206,371","329,937,636",2018-06-07
577,2018064,02,05,10,11,17,21,05,8亿2142万3304元,12,"6,202,837",149,"121,091","329,557,586",2018-06-05
578,2018063,05,06,10,16,20,25,12,8亿4172万9671元,27,"5,291,294",315,"31,210","358,387,608",2018-06-03
579,2018062,02,18,19,24,25,33,11,9亿5510万1072元,6,"8,244,701",109,"223,259","326,938,646",2018-05-31
580,2018061,09,10,11,12,18,23,07,9亿3156万3495元,15,"5,915,270",213,"80,569","332,550,974",2018-05-29
581,2018060,04,08,13,25,30,31,10,9亿6880万8575元,5,"8,071,749",111,"172,958","364,451,892",2018-05-27
582,2018059,04,06,08,13,22,32,11,9亿5157万2015元,5,"7,926,005",69,"265,036","335,528,070",2018-05-24
583,2018058,07,12,13,16,26,31,07,9亿3633万9437元,11,"6,534,486",120,"175,826","328,678,478",2018-05-22
584,2018057,05,15,17,19,20,30,13,9亿4492万1232元,9,"7,219,690",193,"129,386","360,079,018",2018-05-20
585,2018056,01,03,06,20,21,26,01,9亿3498万3896元,7,"7,536,477",187,"118,685","332,042,280",2018-05-17
586,2018055,07,09,10,12,22,26,07,9亿2115万6717元,39,"5,382,270",131,"142,257","328,077,816",2018-05-15
587,2018054,04,06,18,22,25,33,16,10亿7515万8284元,4,"10,000,000",86,"305,357","364,343,470",2018-05-13
588,2018053,01,04,10,11,14,27,06,10亿3637万5992元,8,"7,086,603",104,"200,634","336,743,448",2018-05-10
589,2018052,03,05,06,09,15,32,14,10亿3047万0724元,4,"9,373,437",104,"210,261","335,132,016",2018-05-08
590,2018051,05,07,20,23,27,31,04,10亿0236万2910元,5,"9,213,527",146,"180,373","362,286,900",2018-05-06
591,2018050,01,02,04,10,18,19,07,9亿6942万6906元,7,"7,360,984",146,"141,497","332,612,986",2018-05-03
592,2018049,01,03,04,11,19,23,02,9亿5897万7957元,7,"7,858,532",88,"284,229","308,606,382",2018-05-01
593,2018048,01,12,20,25,30,31,02,9亿3895万1220元,4,"9,801,124",76,"315,863","347,082,070",2018-04-29
594,2018047,06,07,12,16,22,25,07,9亿0613万8855元,9,"6,936,514",102,"213,586","340,211,348",2018-04-26
595,2018046,10,13,14,18,20,31,03,9亿0321万0136元,2,"10,000,000",100,"256,483","341,414,200",2018-04-24
596,2018045,03,04,06,25,26,30,01,8亿4626万5053元,3,"6,904,812",82,"87,110","381,384,846",2018-04-22
597,2018044,05,09,12,17,27,30,06,8亿4555万0354元,22,"5,550,276",643,"23,534","351,490,126",2018-04-19
598,2018043,01,04,06,08,21,24,07,9亿2225万8638元,6,"7,386,066",93,"192,424","350,595,736",2018-04-17
599,2018042,06,10,21,28,29,31,12,9亿1288万8550元,14,"6,113,405",163,"119,537","373,384,922",2018-04-15
600,2018041,07,08,20,23,24,32,13,9亿4002万2436元,4,"9,960,334",64,"387,526","342,614,774",2018-04-12
601,2018040,01,03,08,13,18,23,16,9亿0545万8752元,11,"6,625,737",283,"78,989","341,719,534",2018-04-10
602,2018039,08,12,18,19,23,32,03,9亿1128万0204元,6,"8,202,095",168,"142,950","368,394,896",2018-04-08
603,2018038,15,23,24,25,28,29,09,8亿8844万5635元,5,"7,607,731",75,"217,310","303,245,456",2018-04-05
604,2018037,01,06,07,08,27,30,10,8亿7758万9328元,12,"6,218,823",137,"133,447","336,334,062",2018-04-03
605,2018036,08,17,24,26,28,33,04,8亿9736万8156元,4,"10,000,000",117,"231,790","375,931,002",2018-04-01
606,2018035,07,10,11,17,23,28,15,8亿5600万9608元,6,"8,809,507",289,"98,862","350,309,396",2018-03-29
607,2018034,01,05,11,22,23,26,15,8亿2315万2736元,8,"7,560,160",122,"209,849","348,544,506",2018-03-27
608,2018033,04,19,20,22,28,33,06,8亿0682万9198元,3,"10,000,000",88,"289,516","376,360,408",2018-03-25
609,2018032,21,22,23,24,25,32,06,7亿6039万6749元,3,"10,000,000",127,"179,511","351,194,914",2018-03-22
610,2018031,02,16,18,19,27,30,14,7亿2200万2755元,3,"10,000,000",116,"224,837","345,048,756",2018-03-20
611,2018030,13,14,20,21,25,33,07,6亿7375万9355元,1,"10,000,000",98,"260,810","388,492,136",2018-03-18
612,2018029,01,02,09,14,22,25,05,6亿0708万1200元,5,"8,926,329",85,"288,700","349,939,456",2018-03-15
613,2018028,03,08,11,14,18,23,16,5亿7809万4167元,7,"7,676,997",220,"106,471","352,015,830",2018-03-13
614,2018027,02,07,09,14,18,28,05,5亿6156万1972元,6,"8,250,400",144,"169,291","386,579,026",2018-03-11
615,2018026,04,07,12,14,26,32,04,5亿3793万0372元,6,"8,313,468",75,"331,346","341,958,742",2018-03-08
616,2018025,04,13,16,19,21,25,14,5亿1325万8146元,1,"10,000,000",83,"350,024","341,614,936",2018-03-06
617,2018024,11,19,22,26,31,32,02,4亿3610万2047元,9,"7,481,039",81,"344,588","373,443,496",2018-03-04
618,2018023,12,15,16,21,26,29,16,4亿1969万6331元,3,"10,000,000",159,"164,899","339,395,846",2018-03-01
619,2018022,07,14,19,21,22,23,03,3亿7103万9376元,6,"8,201,615",111,"216,325","333,617,132",2018-02-27
620,2018021,03,04,06,11,23,28,14,3亿4821万2718元,3,"10,000,000",216,"116,432","364,661,036",2018-02-25
621,2018020,06,09,10,14,28,30,05,3亿0276万4704元,33,"5,489,962",212,"95,334","322,991,340",2018-02-22
622,2018019,03,11,12,16,21,23,09,4亿2330万0648元,8,"6,663,708",80,"207,963","353,382,992",2018-02-13
623,2018018,02,12,13,18,25,27,07,4亿2669万9072元,12,"6,383,135",214,"96,948","364,855,490",2018-02-11
624,2018017,03,06,11,26,30,32,12,4亿4105万5600元,5,"8,695,830",68,"339,690","341,808,336",2018-02-08
625,2018016,01,11,12,18,25,27,16,4亿1523万7924元,4,"9,593,701",98,"234,372","338,462,386",2018-02-06
626,2018015,11,15,20,21,26,33,15,3亿8470万7208元,6,"7,652,271",172,"115,651","372,995,620",2018-02-04
627,2018014,09,12,20,24,28,31,07,3亿7094万4726元,17,"5,970,693",103,"200,264","341,965,074",2018-02-01
628,2018013,06,08,13,15,22,33,06,4亿1056万4826元,9,"7,002,470",99,"227,553","338,322,260",2018-01-30
629,2018012,11,12,13,19,26,28,12,4亿0600万3688元,8,"7,195,022",129,"170,156","367,108,128",2018-01-28
630,2018011,03,10,21,23,27,33,11,3亿9771万3208元,8,"7,356,371",138,"170,751","336,871,794",2018-01-25
631,2018010,01,08,17,20,21,22,03,3亿8587万3044元,6,"8,085,375",71,"325,919","351,327,690",2018-01-23
632,2018009,05,10,17,23,26,32,07,3亿6496万4347元,17,"5,477,449",221,"45,908","384,256,808",2018-01-21
633,2018008,05,09,10,12,17,19,13,4亿2764万3568元,11,"6,571,365",144,"150,043","359,785,672",2018-01-18
634,2018007,13,14,20,25,27,31,12,4亿3510万9760元,8,"7,274,011",132,"172,273","354,279,554",2018-01-16
635,2018006,02,07,08,09,17,29,11,4亿2508万1503元,11,"6,856,113",172,"148,381","387,617,618",2018-01-14
636,2018005,02,20,21,28,31,33,06,4亿2393万4061元,1,"10,000,000",68,"371,062","354,961,030",2018-01-11
637,2018004,14,18,19,26,30,31,11,3亿5823万7373元,13,"6,082,556",55,"319,846","349,304,820",2018-01-09
638,2018003,01,14,16,17,20,31,04,3亿8453万6000元,5,"10,000,000",167,"191,008","388,121,442",2018-01-07
639,2018002,07,18,24,29,31,33,16,3亿3884万0952元,3,"10,000,000",94,"319,928","351,610,618",2018-01-04
640,2018001,01,08,11,26,28,31,04,2亿7862万1134元,22,"5,825,255",191,"118,819","367,348,082",2018-01-02
641,2017154,05,09,13,15,18,26,05,3亿3869万3168元,11,"7,280,114",141,"222,351","414,241,024",2017-12-31
642,2017153,07,11,12,13,18,19,16,3亿2471万9716元,4,"10,000,000",165,"190,901","372,349,292",2017-12-28
643,2017152,06,10,23,25,26,29,05,2亿7022万3240元,8,"7,027,612",129,"157,179","367,326,916",2017-12-26
644,2017151,02,05,07,09,11,27,16,2亿6561万5770元,6,"8,891,264",171,"170,669","410,102,286",2017-12-24
645,2017150,06,14,19,20,21,23,08,2亿3140万9917元,9,"6,900,101",82,"260,684","382,821,120",2017-12-21
646,2017149,05,08,15,20,27,30,13,2亿2938万2406元,67,"5,031,231",1126,"6,000","389,703,152",2017-12-19
647,2017148,04,07,11,14,29,32,12,5亿5862万8074元,18,"6,272,562",274,"104,498","419,003,890",2017-12-17
648,2017147,03,07,20,21,25,31,14,5亿8563万6222元,3,"10,000,000",131,"255,096","397,012,632",2017-12-14
649,2017146,01,19,25,26,27,33,10,5亿1538万3281元,21,"5,802,209",252,"83,563","409,358,700",2017-12-12
650,2017145,02,06,12,17,25,28,12,5亿7405万5706元,31,"5,380,151",458,"32,163","434,698,744",2017-12-10
651,2017144,03,14,16,20,31,32,09,6亿9664万7832元,8,"6,316,343",54,"243,767","394,649,686",2017-12-07
652,2017143,04,06,09,14,20,29,14,7亿0768万8280元,13,"6,687,672",164,"167,223","383,967,718",2017-12-05
653,2017142,08,13,14,18,23,33,06,7亿1235万4014元,6,"7,643,652",149,"133,069","417,715,258",2017-12-03
654,2017141,01,06,07,11,13,15,05,6亿9873万3752元,4,"7,854,635",78,"182,989","374,075,240",2017-11-30
655,2017140,21,22,25,28,29,30,08,6亿8733万2768元,16,"6,035,870",83,"249,607","376,479,116",2017-11-28
656,2017139,02,14,20,24,28,32,16,7亿2175万4472元,6,"9,828,398",92,"393,619","409,744,564",2017-11-26
657,2017138,01,17,24,28,32,33,02,6亿7208万5896元,6,"9,039,634",79,"383,509","377,937,674",2017-11-23
658,2017137,05,10,20,23,26,31,03,6亿3543万1923元,7,"7,917,073",146,"174,824","376,184,186",2017-11-21
659,2017136,03,07,10,18,21,24,12,6亿1427万8265元,19,"5,952,821",216,"104,766","401,556,928",2017-11-19
660,2017135,01,06,07,14,18,26,16,6亿5949万3336元,8,"7,923,669",147,"198,889","378,825,098",2017-11-16
661,2017134,04,05,11,14,28,32,04,6亿3517万2616元,13,"6,040,990",99,"170,869","365,781,644",2017-11-14
662,2017133,06,15,17,18,23,30,11,6亿6295万7197元,7,"8,327,342",223,"130,557","400,247,724",2017-11-12
663,2017132,02,03,05,09,13,28,11,6亿3390万5850元,6,"8,820,665",139,"206,151","377,852,842",2017-11-09
664,2017131,01,07,10,11,26,27,11,6亿0086万4875元,25,"5,513,378",131,"122,466","367,788,616",2017-11-07
665,2017130,05,13,14,23,25,31,02,6亿9057万0120元,5,"10,000,000",211,"161,007","401,382,016",2017-11-05
666,2017129,05,06,09,14,21,33,02,6亿3865万2615元,3,"10,000,000",116,"229,558","334,351,058",2017-11-02
667,2017128,02,06,13,22,29,31,08,5亿8876万6113元,13,"5,186,374",111,"27,284","323,872,230",2017-10-31
668,2017127,14,15,21,24,27,32,12,6亿4710万3220元,4,"9,376,343",63,"347,328","351,381,232",2017-10-29
669,2017126,01,16,17,21,27,30,16,6亿1896万3440元,8,"7,757,297",63,"437,666","328,800,104",2017-10-26
670,2017125,01,14,23,25,29,30,03,5亿9830万2894元,6,"7,793,201",133,"157,511","324,821,104",2017-10-24
671,2017124,02,06,11,26,28,29,03,5亿8221万5080元,8,"6,981,077",126,"157,228","352,610,564",2017-10-22
672,2017123,04,05,06,11,21,31,10,5亿7863万1376元,16,"5,768,364",237,"64,840","327,467,830",2017-10-19
673,2017122,11,20,21,22,24,27,15,6亿2482万3324元,4,"9,322,578",52,"415,632","323,216,212",2017-10-17
674,2017121,11,18,19,22,24,32,07,5亿9727万4960元,5,"7,294,152",136,"105,429","344,520,506",2017-10-15
675,2017120,08,10,15,19,23,28,16,5亿9073万0365元,5,"9,211,061",192,"137,078","319,254,526",2017-10-12
676,2017119,09,16,21,25,26,31,14,5亿5782万8271元,11,"6,673,237",127,"181,157","311,293,858",2017-10-10
677,2017118,08,09,15,22,30,33,16,5亿6221万2840元,12,"6,730,422",123,"211,027","339,910,326",2017-10-08
678,2017117,01,02,08,11,14,21,09,5亿6510万8899元,3,"8,633,236",53,"257,068","277,103,412",2017-10-05
679,2017116,02,14,20,22,30,32,02,5亿5013万4702元,9,"6,537,998",85,"203,558","270,066,216",2017-10-03
680,2017115,04,10,11,25,30,31,01,5亿5706万9238元,6,"8,233,631",128,"189,470","322,048,056",2017-10-01
681,2017114,06,12,13,15,18,26,13,5亿3371万4324元,4,"9,187,872",89,"235,273","321,554,260",2017-09-28
682,2017113,04,06,16,27,29,33,05,5亿0764万7724元,4,"8,403,060",75,"226,870","316,223,542",2017-09-26
683,2017112,03,10,14,16,22,23,11,4亿9021万4060元,2,"10,000,000",76,"292,461","346,255,520",2017-09-24
684,2017111,05,10,17,19,29,32,12,4亿4353万2928元,16,"5,921,674",99,"186,196","317,976,914",2017-09-21
685,2017110,01,03,12,15,19,23,14,4亿8297万9264元,3,"10,000,000",68,"377,100","316,936,062",2017-09-19
686,2017109,08,14,16,18,21,23,16,4亿3605万0760元,4,"10,000,000",96,"296,384","349,302,018",2017-09-17
687,2017108,07,12,14,15,17,20,01,3亿9069万2040元,6,"8,141,359",113,"208,497","320,774,192",2017-09-14
688,2017107,08,09,15,17,30,32,06,3亿6885万9616元,19,"5,814,695",202,"95,787","319,335,446",2017-09-12
689,2017106,12,15,20,25,27,31,02,4亿2129万1764元,4,"10,000,000",82,"306,613","346,574,690",2017-09-10
690,2017105,03,06,07,12,25,26,07,3亿8586万4894元,29,"5,091,000",254,"12,987","314,223,620",2017-09-07
691,2017104,01,14,15,20,23,30,14,5亿2360万7612元,2,"10,000,000",93,"265,208","310,263,038",2017-09-05
692,2017103,01,21,23,25,31,33,01,4亿6961万4348元,9,"7,401,779",64,"422,187","347,478,996",2017-09-03
693,2017102,04,08,10,14,18,20,11,4亿5517万0324元,14,"5,682,901",150,"79,671","315,963,272",2017-08-31
694,2017101,01,04,11,28,31,32,16,4亿9887万8630元,2,"10,000,000",51,"548,154","313,219,868",2017-08-29
695,2017100,04,07,08,18,23,24,02,4亿3501万0976元,16,"6,241,187",117,"212,168","343,590,604",2017-08-27
696,2017099,02,05,06,16,28,29,04,4亿6039万8735元,27,"5,455,945",142,"108,367","310,565,530",2017-08-24
697,2017098,04,19,22,27,30,33,01,5亿6154万4774元,14,"5,401,390",93,"75,530","314,009,676",2017-08-22
698,2017097,05,10,18,19,30,31,03,6亿1609万1250元,10,"6,980,859",183,"135,304","348,913,966",2017-08-20
699,2017096,02,06,11,12,19,29,06,6亿1161万7622元,14,"6,270,042",165,"134,701","322,973,284",2017-08-17
700,2017095,09,10,12,19,22,29,16,6亿3272万0984元,14,"6,159,602",332,"61,123","317,203,922",2017-08-15
701,2017094,08,11,13,19,28,31,06,6亿5807万6283元,9,"6,630,843",128,"143,335","341,689,810",2017-08-13
702,2017093,07,08,09,15,22,27,12,6亿6271万2921元,39,"5,290,308",238,"59,464","308,248,758",2017-08-10
703,2017092,10,18,19,29,32,33,09,8亿2657万7324元,4,"9,605,819",131,"175,794","308,876,342",2017-08-08
704,2017091,05,07,10,23,28,29,03,7亿9591万3308元,4,"8,923,729",141,"139,139","337,138,076",2017-08-06
705,2017090,01,07,10,16,22,33,09,7亿7275万2284元,4,"8,842,613",84,"228,726","312,174,318",2017-08-03
706,2017089,11,12,13,16,23,25,12,7亿5048万3542元,2,"10,000,000",69,"328,347","314,842,050",2017-08-01
707,2017088,07,09,18,22,23,29,06,7亿0251万5540元,10,"6,725,767",406,"53,133","346,380,162",2017-07-30
708,2017087,03,06,13,14,19,28,06,7亿0505万6937元,13,"5,785,674",105,"121,592","316,090,948",2017-07-27
709,2017086,03,05,06,13,20,22,07,7亿4196万9095元,5,"7,211,165",73,"189,312","313,250,840",2017-07-25
710,2017085,01,05,06,16,25,30,09,7亿3656万5578元,7,"6,315,240",148,"77,759","340,676,888",2017-07-23
711,2017084,01,05,11,20,22,24,02,7亿4624万7204元,9,"7,021,235",98,"232,029","314,750,766",2017-07-20
712,2017083,03,08,14,20,24,26,12,7亿4122万1637元,13,"6,005,980",161,"101,535","305,712,986",2017-07-18
713,2017082,14,18,21,25,28,29,10,7亿7025万7854元,9,"6,764,976",120,"165,466","340,327,376",2017-07-16
714,2017081,03,05,14,25,26,30,05,7亿7157万4680元,4,"7,764,217",134,"103,142","311,169,340",2017-07-13
715,2017080,01,12,16,20,22,24,08,7亿6116万8290元,10,"6,418,690",103,"172,171","309,113,400",2017-07-11
716,2017079,03,07,14,23,25,27,08,7亿7215万4315元,5,"7,420,610",107,"141,390","338,568,770",2017-07-09
717,2017078,05,07,18,19,22,24,16,7亿6387万0919元,7,"7,387,529",160,"130,568","308,678,006",2017-07-06
718,2017077,01,02,04,15,17,22,14,7亿5291万0976元,4,"9,715,359",93,"253,513","310,153,396",2017-07-04
719,2017076,01,04,08,09,14,15,13,7亿2104万2021元,7,"7,321,488",115,"176,634","346,391,726",2017-07-02
720,2017075,01,03,06,19,21,29,07,7亿1135万3370元,7,"6,363,935",90,"132,604","320,592,160",2017-06-29
721,2017074,02,06,16,23,30,31,02,7亿2009万7616元,16,"6,194,147",548,"43,582","312,167,868",2017-06-27
722,2017073,03,06,16,23,26,30,14,7亿4755万5120元,9,"7,099,806",173,"136,548","347,269,730",2017-06-25
723,2017072,06,11,14,23,26,30,02,7亿4058万4900元,11,"6,667,226",94,"243,876","321,195,342",2017-06-22
724,2017071,02,03,06,14,31,32,03,7亿4515万1312元,4,"10,000,000",51,"494,080","322,489,468",2017-06-20
725,2017070,01,06,14,22,25,26,12,7亿0955万7056元,4,"9,143,511",92,"225,190","357,559,628",2017-06-18
726,2017069,02,11,12,23,29,31,05,6亿8397万8436元,3,"10,000,000",98,"198,460","326,172,358",2017-06-15
727,2017068,02,06,10,22,30,31,15,6亿5563万1053元,7,"8,099,564",102,"265,894","320,912,348",2017-06-13
728,2017067,01,03,04,10,18,29,04,6亿3096万4440元,10,"7,036,216",131,"194,295","356,270,498",2017-06-11
729,2017066,01,04,06,17,19,26,03,6亿2496万8496元,8,"7,075,823",103,"201,536","329,821,920",2017-06-08
730,2017065,02,05,08,10,12,21,07,6亿1930万0374元,14,"5,907,122",181,"87,705","320,800,086",2017-06-06
731,2017064,02,10,16,22,24,28,15,6亿5437万6180元,5,"9,001,480",158,"158,286","351,655,222",2017-06-04
732,2017063,12,16,20,22,25,31,04,6亿2435万5820元,4,"10,000,000",246,"102,608","307,572,084",2017-06-01
733,2017062,01,07,22,24,26,31,10,5亿8863万1018元,2,"10,000,000",50,"413,968","292,747,704",2017-05-30
734,2017061,06,07,12,20,26,27,11,5亿4653万5704元,22,"5,719,289",236,"83,815","327,891,234",2017-05-28
735,2017060,05,10,13,24,26,31,04,6亿1301万8696元,4,"9,226,054",113,"186,993","320,553,910",2017-05-25
736,2017059,04,08,09,15,19,25,09,5亿8653万2102元,26,"5,191,242",222,"27,997","306,145,516",2017-05-23
737,2017058,01,09,13,22,28,32,11,7亿0285万8272元,8,"7,035,961",111,"183,419","338,794,650",2017-05-21
738,2017057,18,20,22,23,30,31,16,6亿9806万7117元,9,"6,821,373",71,"288,597","314,697,362",2017-05-18
739,2017056,13,14,18,19,21,28,06,6亿9798万8120元,8,"7,367,832",184,"128,686","317,424,132",2017-05-16
740,2017055,07,12,13,20,24,31,05,6亿8589万5820元,20,"5,718,169",109,"164,717","342,200,872",2017-05-14
741,2017054,02,03,09,23,28,33,08,7亿4639万6522元,2,"10,000,000",73,"227,292","315,730,948",2017-05-11
742,2017053,04,09,11,15,29,31,06,7亿1661万9576元,6,"7,534,369",77,"246,854","316,559,816",2017-05-09
743,2017052,07,08,18,24,29,31,07,7亿0480万2480元,5,"8,409,592",182,"117,087","346,847,224",2017-05-07
744,2017051,02,05,09,15,24,25,11,6亿8292万0580元,10,"6,175,841",194,"75,762","315,667,040",2017-05-04
745,2017050,10,12,20,24,27,29,07,7亿0058万4945元,5,"8,309,640",64,"323,207","308,163,776",2017-05-02
746,2017049,01,08,14,15,20,29,10,6亿8007万7398元,7,"7,636,512",113,"204,154","326,777,700",2017-04-30
747,2017048,05,08,09,14,15,19,07,6亿6432万4529元,11,"5,831,308",107,"106,827","317,465,116",2017-04-27
748,2017047,02,05,08,10,32,33,02,6亿9417万7440元,6,"7,801,881",181,"116,100","313,845,556",2017-04-25
749,2017046,04,13,14,23,26,32,10,6亿7794万6402元,6,"7,608,231",95,"205,912","348,845,228",2017-04-23
750,2017045,05,07,16,20,21,25,05,6亿6491万0592元,4,"9,399,507",99,"222,197","320,562,564",2017-04-20
751,2017044,08,16,19,21,31,32,06,6亿3651万6015元,15,"6,015,002",81,"234,954","318,935,018",2017-04-18
752,2017043,08,13,16,23,27,31,08,6亿6964万7148元,4,"8,333,883",170,"98,055","348,879,160",2017-04-16
753,2017042,01,02,04,07,10,23,04,6亿5297万4432元,8,"7,650,480",69,"384,127","326,995,938",2017-04-13
754,2017041,04,10,13,15,22,27,04,6亿3466万3869元,21,"5,832,574",114,"191,711","322,450,520",2017-04-11
755,2017040,15,19,23,28,29,33,04,6亿9158万2671元,13,"5,740,931",82,"146,830","359,413,424",2017-04-09
756,2017039,02,04,12,14,17,24,15,7亿3009万4377元,1,"10,000,000",109,"255,711","330,405,710",2017-04-06
757,2017038,01,04,08,13,24,27,05,6亿5647万6865元,5,"8,797,176",191,"124,253","310,673,636",2017-04-04
758,2017037,11,15,20,22,25,30,05,6亿2926万5693元,7,"7,634,270",102,"225,979","346,434,206",2017-04-02
759,2017036,01,02,05,10,24,27,15,6亿1355万5992元,4,"10,000,000",134,"212,654","340,257,990",2017-03-30
760,2017035,01,06,14,24,28,32,12,5亿6806万8720元,16,"5,671,583",164,"81,900","342,022,594",2017-03-28
761,2017034,04,07,08,19,32,33,13,6亿1851万9064元,8,"7,191,847",146,"150,126","373,962,682",2017-03-26
762,2017033,05,07,15,20,23,30,15,6亿1029万8424元,12,"6,829,933",205,"133,897","346,477,046",2017-03-23
763,2017032,05,08,15,24,27,31,11,6亿0991万0623元,63,"5,000,000",284,"6,000","346,410,188",2017-03-21
764,2017031,06,10,16,26,27,29,03,9亿2491万0650元,30,"5,458,217",344,"49,951","377,406,752",2017-03-19
765,2017030,01,07,09,20,23,30,02,10亿3710万7695元,5,"9,250,716",81,"327,987","350,487,064",2017-03-16
766,2017029,02,15,21,23,25,30,10,10亿0366万0344元,4,"9,172,154",53,"393,599","343,011,048",2017-03-14
767,2017028,07,08,12,13,22,30,09,9亿7776万6651元,9,"6,700,085",152,"125,828","377,657,484",2017-03-12
768,2017027,02,04,11,14,27,30,05,9亿8068万9536元,3,"9,954,368",76,"244,458","344,767,540",2017-03-09
769,2017026,03,10,12,19,27,30,08,9亿5481万6000元,30,"5,346,265",385,"33,727","338,217,710",2017-03-07
770,2017025,02,15,16,17,22,32,07,10亿7624万9141元,11,"6,246,929",176,"97,416","372,684,176",2017-03-05
771,2017024,09,21,25,26,29,31,13,10亿9352万9538元,6,"8,107,050",120,"194,190","342,020,216",2017-03-02
772,2017023,01,03,04,11,18,22,14,10亿7226万3213元,3,"10,000,000",108,"223,769","337,872,226",2017-02-28
773,2017022,02,06,15,16,18,32,15,10亿2976万1908元,4,"10,000,000",63,"452,069","370,988,738",2017-02-26
774,2017021,02,05,10,22,32,33,09,9亿8432万0688元,16,"6,097,279",115,"190,831","329,896,520",2017-02-23
775,2017020,04,08,10,12,31,33,10,10亿1604万0400元,4,"8,928,802",87,"225,793","321,450,250",2017-02-21
776,2017019,04,06,08,12,23,25,08,9亿9282万3572元,4,"8,296,217",111,"148,478","362,828,374",2017-02-19
777,2017018,01,02,03,17,25,31,09,9亿7656万5180元,5,"7,041,328",91,"140,201","332,385,048",2017-02-16
778,2017017,03,07,08,10,22,23,12,9亿7349万6920元,5,"7,986,377",120,"155,540","329,086,094",2017-02-14
779,2017016,05,08,16,22,27,29,02,9亿5743万4232元,12,"6,237,727",222,"83,630","349,767,606",2017-02-12
780,2017015,01,08,09,14,17,32,01,9亿7658万9244元,4,"9,713,530",101,"233,343","314,977,594",2017-02-09
781,2017014,06,08,18,20,23,31,13,9亿4474万0410元,5,"8,280,828",144,"142,397","307,538,720",2017-02-07
782,2017013,08,11,28,29,31,33,06,9亿2462万9020元,10,"6,997,500",99,"252,209","377,878,424",2017-02-05
783,2017012,10,11,14,15,16,24,07,9亿1969万7751元,9,"7,016,617",80,"283,586","329,120,186",2017-01-26
784,2017011,10,11,12,23,26,29,16,9亿1478万6466元,11,"6,835,064",229,"110,184","318,019,266",2017-01-24
785,2017010,05,08,19,25,28,30,07,9亿1427万5770元,30,"5,251,359",231,"40,805","350,388,682",2017-01-22
786,2017009,02,06,08,09,15,29,14,10亿4353万8642元,9,"6,976,497",145,"153,348","318,286,702",2017-01-19
787,2017008,07,13,15,27,28,29,13,10亿3962万0330元,10,"6,455,001",165,"110,227","318,368,112",2017-01-17
788,2017007,02,04,05,24,26,33,15,10亿4960万7797元,7,"8,376,630",62,"476,540","358,098,002",2017-01-15
789,2017006,02,04,08,26,29,33,08,10亿1960万7668元,4,"6,946,576",70,"139,041","327,823,184",2017-01-12
790,2017005,06,11,12,22,23,30,05,10亿1819万5332元,14,"6,083,962",204,"92,986","328,457,210",2017-01-10
791,2017004,05,13,17,26,27,30,07,10亿4646万2778元,18,"5,946,813",294,"72,460","361,243,290",2017-01-08
792,2017003,01,04,08,15,27,32,16,10亿8959万5542元,3,"10,000,000",80,"305,874","328,263,696",2017-01-05
793,2017002,15,19,23,24,25,32,03,10亿4618万5700元,4,"10,000,000",67,"391,374","333,473,696",2017-01-03
794,2017001,09,11,14,20,25,26,15,10亿0751万9355元,9,"7,522,351",184,"154,219","376,155,592",2017-01-01
795,2016153,07,09,16,24,25,29,06,9亿9009万1165元,5,"7,932,287",247,"74,197","342,438,226",2016-12-29
796,2016152,02,08,09,16,20,22,07,9亿7477万2214元,17,"5,986,457",247,"84,867","338,973,816",2016-12-27
797,2016151,06,11,16,20,22,33,07,10亿1365万5324元,11,"6,923,271",130,"203,422","375,311,070",2016-12-25
798,2016150,02,04,05,09,13,21,05,10亿1047万6368元,22,"5,849,327",140,"166,832","350,741,078",2016-12-22
799,2016149,03,20,23,26,32,33,07,10亿6909万2085元,5,"7,413,987",77,"195,940","342,258,704",2016-12-20
800,2016148,01,02,11,20,26,30,14,10亿6089万9760元,10,"7,088,635",158,"165,240","381,634,232",2016-12-18
801,2016147,04,14,18,28,31,32,12,10亿5346万2300元,5,"8,475,931",113,"192,252","341,474,648",2016-12-15
802,2016146,03,07,15,16,17,23,10,10亿3066万8248元,8,"7,329,207",133,"175,128","344,859,752",2016-12-13
803,2016145,01,03,07,12,19,20,06,10亿1942万5688元,8,"6,264,341",157,"80,531","398,955,964",2016-12-11
804,2016144,04,10,12,27,32,33,05,10亿3161万0174元,14,"6,201,501",86,"244,491","372,346,108",2016-12-08
805,2016143,06,09,23,24,25,33,13,10亿5535万2355元,5,"9,007,647",143,"175,159","378,923,738",2016-12-06
806,2016142,01,10,17,21,23,30,12,10亿2524万7212元,11,"6,818,174",85,"294,116","407,120,242",2016-12-04
807,2016141,04,13,15,17,21,24,15,10亿2524万7440元,7,"8,186,439",106,"263,031","371,798,444",2016-12-01
808,2016140,01,02,05,17,26,32,10,9亿9890万8480元,16,"5,846,950",84,"201,654","360,447,386",2016-11-29
809,2016139,01,06,19,26,28,30,03,10亿4164万2655元,5,"9,936,561",94,"328,228","395,456,724",2016-11-27
810,2016138,07,16,20,24,25,30,07,9亿9876万4932元,12,"6,052,114",160,"98,635","350,229,764",2016-11-24
811,2016137,01,06,09,10,15,32,14,10亿2404万5140元,4,"9,970,303",90,"276,127","339,962,622",2016-11-22
812,2016136,02,07,10,20,27,29,03,9亿8937万1808元,8,"7,561,764",117,"218,954","396,457,052",2016-11-20
813,2016135,02,08,10,18,20,33,12,9亿7301万2992元,24,"5,536,282",172,"93,537","353,219,786",2016-11-17
814,2016134,11,12,13,14,18,33,13,10亿5761万8368元,8,"7,841,027",107,"265,516","356,409,344",2016-11-15
815,2016133,15,16,21,22,27,33,15,10亿3511万5770元,26,"5,803,188",242,"107,866","397,601,552",2016-11-13
816,2016132,05,08,13,19,27,28,07,11亿0768万7796元,37,"5,063,186",358,"8,163","349,399,364",2016-11-10
817,2016131,04,10,18,19,25,27,02,12亿8625万8608元,4,"9,353,816",112,"194,366","341,425,796",2016-11-08
818,2016130,03,17,21,23,27,28,01,12亿5836万6632元,8,"7,792,864",88,"317,370","389,013,348",2016-11-06
819,2016129,05,06,08,21,31,33,14,12亿3692万3614元,2,"10,000,000",107,"263,616","356,293,078",2016-11-03
820,2016128,04,09,11,17,26,27,13,11亿7230万2677元,17,"6,039,764",216,"102,291","346,505,806",2016-11-01
821,2016127,07,12,17,26,29,31,16,12亿0869万3682元,3,"10,000,000",127,"219,909","377,635,784",2016-10-30
822,2016126,02,06,12,17,18,19,10,11亿5490万8300元,4,"10,000,000",182,"141,981","347,402,822",2016-10-27
823,2016125,01,06,08,20,27,30,03,11亿1738万6530元,10,"5,815,990",94,"108,509","346,147,358",2016-10-25
824,2016124,09,15,21,24,27,32,10,11亿4494万6805元,5,"8,691,225",120,"192,251","370,331,346",2016-10-23
825,2016123,07,09,12,14,20,27,16,11亿1919万2450元,3,"10,000,000",191,"104,821","305,299,416",2016-10-20
826,2016122,15,22,23,24,28,29,08,10亿8912万9612元,6,"7,245,796",96,"175,452","305,059,324",2016-10-18
827,2016121,02,03,10,23,25,28,09,10亿8207万3970元,5,"8,817,083",106,"225,063","340,006,950",2016-10-16
828,2016120,02,05,06,21,25,28,09,10亿5458万9076元,6,"7,457,159",139,"132,580","309,329,228",2016-10-13
829,2016119,09,19,21,30,31,32,04,10亿4404万5944元,4,"9,261,565",353,"60,362","302,415,052",2016-10-11
830,2016118,09,14,22,23,31,33,14,10亿1716万8724元,4,"10,000,000",97,"293,175","338,792,784",2016-10-09
831,2016117,03,10,14,17,28,33,02,9亿7185万4560元,12,"6,037,315",167,"93,172","281,128,494",2016-10-06
832,2016116,07,18,20,23,27,31,13,9亿9762万3156元,6,"7,593,721",52,"374,094","268,669,114",2016-10-04
833,2016115,06,08,20,22,26,27,09,9亿8482万6752元,13,"6,239,088",62,"324,761","307,770,194",2016-10-02
834,2016114,05,16,20,22,27,29,09,10亿0552万9350元,21,"5,225,680",103,"57,515","300,350,554",2016-09-29
835,2016113,01,11,16,17,20,26,14,10亿9749万6306元,6,"7,750,731",95,"217,162","301,675,518",2016-09-27
836,2016112,06,12,14,15,18,25,12,10亿8210万9240元,8,"6,869,523",105,"178,049","339,124,224",2016-09-25
837,2016111,02,04,07,14,15,32,04,10亿8097万9719元,3,"10,000,000",68,"362,286","310,894,592",2016-09-22
838,2016110,05,07,28,31,32,33,08,10亿3707万3225元,5,"7,249,839",55,"255,663","306,664,040",2016-09-20
839,2016109,09,11,15,16,27,33,05,10亿3113万7928元,8,"6,719,240",93,"184,864","339,043,452",2016-09-18
840,2016108,02,03,07,08,19,26,16,10亿3331万4654元,6,"7,828,306",174,"121,909","278,530,656",2016-09-15
841,2016107,06,11,18,26,27,32,01,10亿1664万7606元,13,"6,252,404",230,"88,485","295,842,288",2016-09-13
842,2016106,04,05,13,22,25,30,04,10亿3687万4166元,6,"8,341,196",119,"210,579","329,967,722",2016-09-11
843,2016105,08,10,19,27,28,31,16,10亿1174万4422元,13,"6,419,550",153,"150,769","304,435,234",2016-09-08
844,2016104,05,09,11,18,30,31,04,10亿2599万5488元,2,"10,000,000",72,"319,307","304,391,928",2016-09-06
845,2016103,01,05,13,19,24,27,11,9亿7702万4997元,13,"5,957,211",116,"134,092","334,526,552",2016-09-04
846,2016102,05,08,10,14,17,30,13,10亿0780万4693元,7,"6,951,119",339,"50,360","304,528,374",2016-09-01
847,2016101,01,03,19,24,32,33,01,10亿0524万5634元,3,"10,000,000",45,"555,671","303,829,992",2016-08-30
848,2016100,03,10,22,23,27,29,04,9亿6023万0040元,4,"9,565,716",87,"262,397","335,027,586",2016-08-28
849,2016099,01,11,21,23,27,33,06,9亿3000万7164元,4,"8,811,192",111,"171,675","300,016,648",2016-08-25
850,2016098,02,08,25,29,31,32,06,9亿0808万4049元,3,"9,434,877",63,"263,980","296,350,008",2016-08-23
851,2016097,06,13,25,26,28,31,01,8亿8649万6310元,9,"6,754,677",101,"195,446","327,274,678",2016-08-21
852,2016096,06,13,14,21,22,24,16,8亿8806万8045元,5,"8,412,890",110,"193,914","296,887,214",2016-08-18
853,2016095,01,05,09,12,18,32,12,8亿6614万0800元,7,"7,075,631",73,"248,791","297,413,702",2016-08-16
854,2016094,06,07,10,12,18,31,10,8亿6118万4896元,4,"8,445,845",83,"207,581","324,311,584",2016-08-14
855,2016093,06,09,15,17,25,27,09,8亿4328万0596元,18,"5,501,160",131,"86,077","298,416,216",2016-08-11
856,2016092,02,13,15,23,24,29,06,9亿0847万3144元,19,"5,173,091",97,"42,380","299,992,386",2016-08-09
857,2016091,04,08,14,22,23,28,07,9亿9442万9110元,17,"5,986,530",226,"92,760","329,710,234",2016-08-07
858,2016090,02,13,17,20,21,26,07,10亿3330万8810元,23,"5,443,624",164,"77,769","294,008,068",2016-08-04
859,2016089,01,03,14,30,31,32,08,11亿2024万9570元,10,"5,749,899",48,"195,286","288,232,376",2016-08-02
860,2016088,03,14,16,18,25,33,15,11亿4962万7355元,5,"8,643,396",79,"288,243","320,354,148",2016-07-31
861,2016087,02,03,10,11,14,21,12,11亿2453万0659元,3,"10,000,000",84,"223,543","288,396,896",2016-07-28
862,2016086,09,10,11,12,15,32,05,10亿9819万7736元,6,"7,936,358",62,"355,204","286,788,850",2016-07-26
863,2016085,01,12,19,20,21,25,16,10亿7974万7823元,7,"7,380,661",245,"85,023","319,888,112",2016-07-24
864,2016084,02,04,12,18,24,26,05,10亿6892万0080元,5,"7,742,405",101,"169,703","288,778,286",2016-07-21
865,2016083,09,16,17,24,30,31,04,10亿5621万2003元,7,"7,237,320",99,"197,743","291,921,542",2016-07-19
866,2016082,06,12,14,15,17,20,09,10亿4814万3580元,10,"6,151,036",89,"161,662","323,658,370",2016-07-17
867,2016081,02,06,15,25,30,32,07,10亿6649万0094元,3,"9,665,516",73,"239,666","288,505,018",2016-07-14
868,2016080,01,16,17,24,25,32,14,10亿4299万9580元,4,"9,610,776",88,"261,975","288,372,472",2016-07-12
869,2016079,01,03,10,12,24,28,02,10亿1228万1038元,2,"10,000,000",101,"261,205","322,821,956",2016-07-10
870,2016078,02,04,08,23,26,29,02,9亿5313万5832元,6,"8,017,845",65,"348,212","296,681,554",2016-07-07
871,2016077,01,09,17,19,20,29,10,9亿3334万1379元,3,"8,718,169",93,"149,926","294,629,008",2016-07-05
872,2016076,07,08,13,22,30,32,01,9亿1766万6478元,6,"8,474,321",112,"232,655","331,977,974",2016-07-03
873,2016075,01,03,06,16,29,32,07,8亿9034万0179元,0,0,65,"267,736","295,574,016",2016-06-30
874,2016074,06,10,11,12,20,25,12,8亿3813万1500元,62,"5,187,134",154,"94,175","297,584,738",2016-06-28
875,2016073,09,11,12,15,16,20,13,11亿1622万5045元,5,"7,942,362",80,"229,872","327,032,018",2016-06-26
876,2016072,05,16,19,22,24,25,02,11亿0076万7568元,2,"10,000,000",79,"250,250","290,670,126",2016-06-23
877,2016071,19,21,26,28,29,32,01,10亿6145万8288元,4,"10,000,000",83,"312,118","293,734,448",2016-06-21
878,2016070,03,06,11,18,23,29,01,10亿2374万0893元,7,"7,993,400",264,"99,213","326,894,102",2016-06-19
879,2016069,08,10,11,20,21,27,11,10亿0111万7928元,6,"7,393,248",168,"106,841","300,232,584",2016-06-16
880,2016068,08,19,23,28,31,32,01,9亿9162万9338元,2,"10,000,000",58,"374,629","295,768,168",2016-06-14
881,2016067,09,13,18,20,27,31,04,9亿4644万3820元,5,"8,650,159",117,"194,987","327,487,486",2016-06-12
882,2016066,03,07,13,18,19,20,05,9亿2125万4130元,10,"5,930,886",207,"56,212","275,334,312",2016-06-09
883,2016065,13,16,22,25,26,27,14,9亿4565万4750元,2,"10,000,000",87,"249,643","298,326,848",2016-06-07
884,2016064,03,12,14,17,19,26,03,9亿0049万7807元,11,"6,487,602",116,"176,332","332,534,594",2016-06-05
885,2016063,16,17,18,23,28,32,07,9亿1049万7831元,0,0,83,"179,989","304,409,952",2016-06-02
886,2016062,12,13,15,18,19,21,09,8亿6568万0358元,2,"10,000,000",116,"144,808","305,198,008",2016-05-31
887,2016061,05,06,08,18,20,32,08,8亿3528万6844元,21,"5,446,101",127,"92,206","340,147,518",2016-05-29
888,2016060,04,05,22,26,29,32,08,9亿1452万4470元,15,"5,000,000",47,"6,000","320,540,202",2016-05-26
889,2016059,04,11,12,20,25,28,15,9亿8952万4476元,9,"7,152,757",153,"158,290","322,601,954",2016-05-24
890,2016058,03,05,18,20,24,32,11,9亿8124万3730元,2,"10,000,000",130,"221,092","357,296,334",2016-05-22
891,2016057,07,12,19,22,23,26,11,9亿1501万7488元,11,"6,474,964",256,"79,221","325,499,780",2016-05-19
892,2016056,03,04,08,11,16,18,14,9亿2539万9830元,6,"8,206,646",180,"133,610","326,490,562",2016-05-17
893,2016055,05,06,10,16,22,26,11,9亿0249万0160元,11,"6,427,695",232,"84,615","350,383,284",2016-05-15
894,2016054,06,11,16,19,28,32,04,9亿1430万2376元,8,"7,321,796",204,"113,813","324,349,586",2016-05-12
895,2016053,02,08,10,12,29,31,01,9亿0322万2855元,5,"8,788,619",165,"143,508","320,149,454",2016-05-10
896,2016052,01,06,13,19,24,28,16,8亿7612万9336元,12,"6,940,346",218,"133,510","353,216,208",2016-05-08
897,2016051,01,02,04,09,15,33,12,8亿7209万7902元,2,"10,000,000",58,"392,706","324,257,380",2016-05-05
898,2016050,09,12,24,28,29,30,02,8亿2376万7052元,4,"9,301,768",116,"185,421","308,889,140",2016-05-03
899,2016049,06,08,13,14,22,27,10,7亿9644万7605元,15,"5,991,728",172,"108,109","330,279,014",2016-05-01
900,2016048,03,08,13,14,15,30,04,8亿3053万8816元,6,"8,287,686",115,"214,414","329,538,828",2016-04-28
901,2016047,02,05,08,15,17,22,16,8亿0629万2000元,5,"8,760,984",172,"136,663","324,937,604",2016-04-26
902,2016046,07,20,25,26,27,30,14,7亿7957万8465元,0,0,90,"306,830","364,459,490",2016-04-24
903,2016045,04,09,12,17,30,32,03,6亿9673万4182元,1,"10,000,000",86,"289,626","336,323,174",2016-04-21
904,2016044,01,03,10,12,18,30,01,6亿3201万0456元,6,"8,428,587",147,"174,927","335,979,238",2016-04-19
905,2016043,05,14,20,26,30,33,12,6亿0543万8772元,6,"7,763,996",88,"235,567","364,494,720",2016-04-17
906,2016042,07,14,17,23,26,31,09,5亿8983万2826元,11,"6,077,332",129,"114,831","334,864,386",2016-04-14
907,2016041,12,17,18,21,22,24,04,6亿1224万3516元,3,"10,000,000",98,"252,093","330,501,352",2016-04-12
908,2016040,03,13,19,20,23,26,03,5亿6812万8108元,12,"6,812,115",167,"162,764","365,246,422",2016-04-10
909,2016039,01,03,07,18,19,27,16,5亿6832万8305元,5,"9,538,029",189,"150,067","335,090,614",2016-04-07
910,2016038,03,12,13,22,28,29,03,5亿3093万0396元,4,"10,000,000",182,"139,400","325,081,790",2016-04-05
911,2016037,06,15,26,31,32,33,16,4亿9481万7840元,3,"10,000,000",97,"293,695","350,165,940",2016-04-03
912,2016036,03,04,07,09,20,22,03,4亿3935万2386元,2,"10,000,000",116,"232,827","348,368,584",2016-03-31
913,2016035,04,13,19,20,26,29,11,3亿7832万8346元,11,"6,488,004",187,"109,412","343,407,218",2016-03-29
914,2016034,03,15,21,22,23,28,15,3亿8831万6232元,1,"10,000,000",107,"316,678","380,415,644",2016-03-27
915,2016033,06,17,18,20,27,29,15,2亿9666万2312元,2,"10,000,000",119,"245,863","338,637,474",2016-03-24
916,2016032,08,12,14,15,21,27,15,2亿2888万9010元,5,"9,626,020",154,"187,744","339,342,300",2016-03-22
917,2016031,03,08,10,19,26,33,03,1亿9028万1234元,13,"6,468,063",191,"124,900","385,818,800",2016-03-20
918,2016030,10,14,19,22,25,29,12,2亿0279万7966元,98,"5,069,845",552,"15,500","351,985,986",2016-03-17
919,2016029,12,15,18,20,21,27,15,6亿7397万4740元,5,"9,326,970",99,"273,167","347,727,124",2016-03-15
920,2016028,06,08,12,21,25,29,01,6亿3947万8896元,7,"8,456,171",282,"107,239","370,238,316",2016-03-13
921,2016027,11,13,15,17,19,31,05,6亿0794万7604元,4,"9,925,874",213,"115,630","337,818,690",2016-03-10
922,2016026,04,09,12,28,30,33,01,5亿7376万2988元,0,0,77,"331,168","329,158,276",2016-03-08
923,2016025,04,11,12,17,24,30,12,4亿9726万3041元,19,"5,788,878",420,"44,609","379,126,514",2016-03-06
924,2016024,02,05,07,14,18,31,13,5亿5104万4179元,9,"6,751,185",157,"125,483","344,808,140",2016-03-03
925,2016023,03,06,10,19,25,29,07,5亿5270万2346元,14,"6,248,533",235,"92,975","337,590,682",2016-03-01
926,2016022,04,09,19,22,23,30,07,5亿7463万3808元,8,"7,138,951",163,"131,224","370,206,784",2016-02-28
927,2016021,09,11,13,22,24,26,05,5亿6757万6885元,5,"8,805,503",172,"138,281","330,776,764",2016-02-25
928,2016020,01,02,10,12,22,24,10,5亿4025万1214元,3,"10,000,000",109,"221,318","317,041,006",2016-02-23
929,2016019,06,13,16,17,23,30,10,4亿9788万0207元,51,"5,193,713",231,"53,459","354,746,834",2016-02-21
930,2016018,12,13,14,17,21,25,04,7亿2571万1885元,5,"8,773,854",81,"291,192","316,712,952",2016-02-18
931,2016017,05,06,08,20,22,30,05,6亿9882万1392元,12,"6,145,307",189,"90,897","293,890,064",2016-02-16
932,2016016,01,20,22,24,25,26,16,7亿2102万6255元,5,"8,896,964",91,"267,648","316,931,514",2016-02-14
933,2016015,01,02,14,22,25,26,07,6亿9244万2990元,5,"8,614,366",87,"259,652","346,224,370",2016-02-04
934,2016014,02,08,10,18,20,27,07,6亿6774万5460元,45,"5,259,960",113,"129,405","321,027,466",2016-02-02
935,2016013,07,12,21,22,26,31,01,8亿6057万5404元,3,"10,000,000",100,"299,317","370,420,948",2016-01-31
936,2016012,07,12,14,16,27,32,15,8亿0078万0176元,2,"10,000,000",87,"263,012","336,562,836",2016-01-28
937,2016011,03,08,10,15,22,29,12,7亿5213万3812元,43,"5,379,006",232,"87,808","332,990,472",2016-01-26
938,2016010,02,04,12,14,19,25,06,9亿2231万6332元,14,"6,423,339",121,"205,854","359,088,730",2016-01-24
939,2016009,10,14,24,25,27,32,04,9亿3751万7775元,3,"10,000,000",71,"348,717","341,116,278",2016-01-21
940,2016008,02,15,24,29,32,33,02,8亿9324万0990元,5,"8,931,046",73,"336,562","355,411,856",2016-01-19
941,2016007,05,12,14,20,27,29,06,8亿6418万9106元,11,"6,279,407",155,"113,495","398,316,866",2016-01-17
942,2016006,13,16,18,20,28,31,12,8亿8048万7026元,2,"10,000,000",93,"299,879","357,519,610",2016-01-14
943,2016005,11,14,18,20,31,33,14,8亿1682万0648元,56,"5,280,769",55,"357,342","347,622,842",2016-01-12
944,2016004,08,10,17,22,25,33,12,10亿5358万2237元,9,"7,069,276",299,"77,857","376,467,244",2016-01-10
945,2016003,01,10,14,23,26,28,01,10亿4736万7656元,12,"6,751,087",170,"154,507","351,825,302",2016-01-07
946,2016002,09,14,17,20,24,30,16,10亿4958万1785元,5,"8,790,536",231,"102,557","343,096,096",2016-01-05
947,2016001,06,13,16,18,20,22,13,10亿2246万1915元,5,"9,582,130",154,"185,963","388,445,976",2016-01-03
948,2015154,07,09,11,15,18,25,07,9亿8445万7630元,13,"6,389,418",120,"188,150","364,605,498",2015-12-31
949,2015153,08,11,15,22,27,29,03,9亿9978万5925元,15,"6,165,149",143,"152,773","348,341,018",2015-12-29
950,2015152,11,18,19,21,29,32,12,10亿2672万3516元,14,"6,193,104",102,"204,699","392,322,240",2015-12-27
951,2015151,05,06,08,23,31,32,11,10亿5078万9000元,5,"8,865,922",74,"326,513","350,309,390",2015-12-24
952,2015150,01,03,08,11,29,31,13,10亿2263万2570元,1,"10,000,000",225,"106,234","333,813,118",2015-12-22
953,2015149,09,10,20,21,22,33,09,9亿6092万4480元,40,"5,301,535",340,"44,343","368,458,204",2015-12-20
954,2015148,09,13,14,22,26,27,07,11亿2775万5566元,18,"5,603,016",298,"45,529","330,278,892",2015-12-17
955,2015147,08,09,16,23,24,30,05,11亿8790万6265元,29,"5,490,089",181,"63,623","331,495,570",2015-12-15
956,2015146,16,17,21,28,30,32,15,13亿0757万1540元,3,"15,000,000",73,"404,824","368,273,034",2015-12-13
957,2015145,07,08,15,19,20,24,13,12亿4891万5010元,14,"11,042,866",143,"127,623","327,973,844",2015-12-10
958,2015144,01,04,07,15,28,32,16,12亿7876万4676元,6,"13,347,680",110,"228,250","330,530,758",2015-12-08
959,2015143,13,15,19,20,21,32,04,12亿5352万7944元,6,"13,732,678",75,"373,267","363,104,978",2015-12-06
960,2015142,13,17,19,20,22,25,11,12亿2193万8746元,2,"15,000,000",66,"339,541","326,956,020",2015-12-03
961,2015141,03,08,19,25,27,28,02,11亿7470万9536元,8,"11,187,578",173,"68,646","329,544,366",2015-12-01
962,2015140,06,20,28,29,30,31,12,11亿8858万2820元,5,"13,972,740",131,"189,539","363,959,858",2015-11-29
963,2015139,01,10,13,18,25,27,09,11亿5895万7645元,5,"11,728,461",91,"118,712","323,569,236",2015-11-26
964,2015138,01,02,08,16,19,24,11,11亿6019万1307元,11,"11,032,096",108,"131,401","317,036,346",2015-11-24
965,2015137,14,22,23,27,28,31,12,11亿8397万0392元,2,"15,000,000",74,"312,975","357,991,902",2015-11-22
966,2015136,02,05,12,23,28,29,01,11亿3448万9732元,3,"15,000,000",183,"143,147","332,169,672",2015-11-19
967,2015135,01,12,14,18,26,32,07,10亿8590万2032元,6,"12,239,746",85,"197,624","323,653,256",2015-11-17
968,2015134,02,05,14,19,27,31,04,10亿7894万6224元,4,"15,000,000",198,"137,589","359,304,970",2015-11-15
969,2015133,02,03,13,20,22,24,15,10亿3721万8347元,3,"15,000,000",78,"325,494","318,320,120",2015-11-12
970,2015132,03,05,11,28,30,33,01,9亿9105万2692元,7,"12,829,235",72,"343,830","324,697,916",2015-11-10
971,2015131,10,12,13,19,22,26,03,9亿7158万9906元,7,"12,572,255",100,"225,072","352,871,146",2015-11-08
972,2015130,06,14,15,16,17,22,10,9亿5707万4000元,5,"13,469,588",179,"121,144","329,910,968",2015-11-05
973,2015129,05,08,11,16,18,27,04,9亿3436万7160元,2,"15,000,000",122,"177,273","330,274,852",2015-11-03
974,2015128,01,03,08,11,22,28,06,8亿8948万4982元,17,"6,078,953",188,"121,956","353,929,358",2015-11-01
975,2015127,07,10,19,22,27,33,06,9亿2404万3914元,18,"8,214,795",99,"162,453","323,385,694",2015-10-29
976,2015126,10,11,15,20,23,29,12,9亿7866万1552元,11,"11,422,859",290,"67,463","321,292,184",2015-10-27
977,2015125,05,13,22,27,30,33,10,9亿9062万0057元,7,"7,002,860",69,"253,985","342,693,238",2015-10-25
978,2015124,02,03,05,12,18,27,01,9亿8706万4991元,11,"6,650,569",117,"193,977","314,656,346",2015-10-22
979,2015123,05,08,09,12,22,28,07,9亿9213万5264元,8,"6,960,182",263,"74,531","312,976,520",2015-10-20
980,2015122,05,07,11,16,22,25,07,9亿8901万1240元,14,"5,486,082",178,"47,789","340,964,698",2015-10-18
981,2015121,01,03,20,21,28,29,12,10亿4029万7060元,4,"9,842,976",69,"350,940","311,696,404",2015-10-15
982,2015120,16,21,24,26,27,29,16,10亿0702万4322元,1,"10,000,000",136,"143,440","306,978,816",2015-10-13
983,2015119,02,08,10,18,23,31,08,9亿5850万0564元,6,"7,323,016",112,"155,559","336,177,996",2015-10-11
984,2015118,01,04,11,21,23,31,12,9亿5017万0804元,11,"6,660,657",52,"439,116","302,094,780",2015-10-08
985,2015117,04,11,12,18,26,32,12,9亿5493万5922元,3,"10,000,000",85,"242,823","276,307,776",2015-10-06
986,2015116,04,06,15,23,26,28,11,9亿2301万5828元,7,"7,393,402",153,"136,877","298,345,670",2015-10-04
987,2015115,01,07,08,14,24,32,03,9亿1194万2840元,10,"5,332,324",114,"36,439","275,624,372",2015-10-01
988,2015114,04,07,09,13,21,26,01,9亿5280万3917元,13,"6,206,821",259,"75,717","297,013,542",2015-09-29
989,2015113,01,05,07,08,19,27,12,9亿7466万0050元,7,"7,964,833",177,"146,566","337,101,348",2015-09-27
990,2015112,01,03,10,19,20,27,11,9亿5258万7008元,4,"8,273,625",126,"129,905","306,859,802",2015-09-24
991,2015111,08,14,16,18,20,30,12,9亿3657万7124元,7,"7,615,667",142,"161,176","307,364,620",2015-09-22
992,2015110,05,07,16,17,22,23,04,9亿2122万5536元,11,"6,534,179",189,"111,613","340,689,020",2015-09-20
993,2015109,01,08,09,16,32,33,13,9亿2981万6615元,7,"7,968,426",132,"196,770","317,531,670",2015-09-17
994,2015108,02,12,19,22,24,27,15,9亿0767万4399元,9,"6,645,746",136,"136,137","309,769,258",2015-09-15
995,2015107,07,14,16,18,21,25,08,9亿1194万2185元,7,"6,913,101",96,"174,371","337,547,646",2015-09-13
996,2015106,01,03,04,23,31,32,13,9亿1011万4980元,6,"7,715,174",84,"242,426","305,793,682",2015-09-10
997,2015105,09,10,16,19,20,26,12,8亿9531万4612元,12,"6,067,588",180,"88,965","304,229,202",2015-09-08
998,2015104,09,18,21,23,25,26,01,9亿2008万4183元,0,0,87,"317,906","332,604,432",2015-09-06
999,2015103,06,08,13,26,30,32,14,,3,"9,692,574",138,"127,515","284,270,680",2015-09-03
